ISO-10303-21;
HEADER;
FILE_DESCRIPTION(('FreeCAD Model'),'2;1');
FILE_NAME('Open CASCADE Shape Model','2026-09-24T08:13:29',(''),(''),
  'Open CASCADE STEP processor 7.8','FreeCAD','Unknown');
FILE_SCHEMA(('AUTOMOTIVE_DESIGN { 1 0 10303 214 1 1 1 1 }'));
ENDSEC;
DATA;
#1 = APPLICATION_PROTOCOL_DEFINITION('international standard',
  'automotive_design',2000,#2);
#2 = APPLICATION_CONTEXT(
  'core data for automotive mechanical design processes');
#3 = SHAPE_DEFINITION_REPRESENTATION(#4,#10);
#4 = PRODUCT_DEFINITION_SHAPE('','',#5);
#5 = PRODUCT_DEFINITION('design','',#6,#9);
#6 = PRODUCT_DEFINITION_FORMATION('','',#7);
#7 = PRODUCT('Panel','Panel','',(#8));
#8 = PRODUCT_CONTEXT('',#2,'mechanical');
#9 = PRODUCT_DEFINITION_CONTEXT('part definition',#2,'design');
#10 = ADVANCED_BREP_SHAPE_REPRESENTATION('',(#11,#15),#4343);
#11 = AXIS2_PLACEMENT_3D('',#12,#13,#14);
#12 = CARTESIAN_POINT('',(0.,0.,0.));
#13 = DIRECTION('',(0.,0.,1.));
#14 = DIRECTION('',(1.,0.,-0.));
#15 = MANIFOLD_SOLID_BREP('',#16);
#16 = CLOSED_SHELL('',(#17,#68,#93,#238,#262,#297,#348,#373,#404,#429,
    #454,#478,#502,#527,#552,#569,#594,#619,#644,#656,#681,#706,#737,
    #761,#785,#802,#861,#1035,#1103,#1133,#1191,#1535,#1566,#1588,#1605,
    #1622,#1634,#1659,#1754,#1794,#1850,#1867,#1892,#1917,#1942,#1965,
    #1982,#2023,#2035,#2047,#2078,#2094,#2110,#2122,#2145,#2169,#2185,
    #2197,#2221,#2245,#2262,#2293,#2317,#2341,#2358,#2389,#2413,#2437,
    #2454,#2485,#2509,#2533,#2550,#2581,#2605,#2629,#2646,#2677,#2701,
    #2725,#2742,#2773,#2797,#2821,#2838,#2869,#2893,#2917,#2934,#2977,
    #3200,#3224,#3251,#3268,#3292,#3328,#3371,#3388,#3517,#3534,#3551,
    #3568,#3580,#3603,#3626,#3649,#3672,#3695,#3718,#3740,#3764,#3788,
    #3800,#3825,#3850,#3875,#3887,#3911,#3928,#3945,#3962,#3974,#3991,
    #4008,#4025,#4037,#4054,#4066,#4091,#4103,#4128,#4153,#4178,#4203,
    #4228,#4253,#4262,#4271,#4280,#4289,#4298,#4307,#4316,#4325,#4334));
#17 = ADVANCED_FACE('',(#18,#29),#63,.F.);
#18 = FACE_BOUND('',#19,.F.);
#19 = EDGE_LOOP('',(#20));
#20 = ORIENTED_EDGE('',*,*,#21,.F.);
#21 = EDGE_CURVE('',#22,#22,#24,.T.);
#22 = VERTEX_POINT('',#23);
#23 = CARTESIAN_POINT('',(-40.,50.,23.));
#24 = CIRCLE('',#25,5.5);
#25 = AXIS2_PLACEMENT_3D('',#26,#27,#28);
#26 = CARTESIAN_POINT('',(-34.5,50.,23.));
#27 = DIRECTION('',(0.,-1.,0.));
#28 = DIRECTION('',(-1.,0.,0.));
#29 = FACE_BOUND('',#30,.F.);
#30 = EDGE_LOOP('',(#31,#41,#49,#57));
#31 = ORIENTED_EDGE('',*,*,#32,.T.);
#32 = EDGE_CURVE('',#33,#35,#37,.T.);
#33 = VERTEX_POINT('',#34);
#34 = CARTESIAN_POINT('',(-52.5,50.,3.));
#35 = VERTEX_POINT('',#36);
#36 = CARTESIAN_POINT('',(52.5,50.,3.));
#37 = LINE('',#38,#39);
#38 = CARTESIAN_POINT('',(26.25,50.,3.));
#39 = VECTOR('',#40,1.);
#40 = DIRECTION('',(1.,0.,0.));
#41 = ORIENTED_EDGE('',*,*,#42,.T.);
#42 = EDGE_CURVE('',#35,#43,#45,.T.);
#43 = VERTEX_POINT('',#44);
#44 = CARTESIAN_POINT('',(52.5,50.,50.));
#45 = LINE('',#46,#47);
#46 = CARTESIAN_POINT('',(52.5,50.,0.));
#47 = VECTOR('',#48,1.);
#48 = DIRECTION('',(0.,0.,1.));
#49 = ORIENTED_EDGE('',*,*,#50,.T.);
#50 = EDGE_CURVE('',#43,#51,#53,.T.);
#51 = VERTEX_POINT('',#52);
#52 = CARTESIAN_POINT('',(-52.5,50.,50.));
#53 = LINE('',#54,#55);
#54 = CARTESIAN_POINT('',(52.5,50.,50.));
#55 = VECTOR('',#56,1.);
#56 = DIRECTION('',(-1.,0.,0.));
#57 = ORIENTED_EDGE('',*,*,#58,.F.);
#58 = EDGE_CURVE('',#33,#51,#59,.T.);
#59 = LINE('',#60,#61);
#60 = CARTESIAN_POINT('',(-52.5,50.,0.));
#61 = VECTOR('',#62,1.);
#62 = DIRECTION('',(0.,0.,1.));
#63 = PLANE('',#64);
#64 = AXIS2_PLACEMENT_3D('',#65,#66,#67);
#65 = CARTESIAN_POINT('',(52.5,50.,0.));
#66 = DIRECTION('',(0.,-1.,0.));
#67 = DIRECTION('',(-1.,0.,0.));
#68 = ADVANCED_FACE('',(#69),#88,.F.);
#69 = FACE_BOUND('',#70,.F.);
#70 = EDGE_LOOP('',(#71,#79,#80,#81));
#71 = ORIENTED_EDGE('',*,*,#72,.F.);
#72 = EDGE_CURVE('',#22,#73,#75,.T.);
#73 = VERTEX_POINT('',#74);
#74 = CARTESIAN_POINT('',(-39.,49.,23.));
#75 = LINE('',#76,#77);
#76 = CARTESIAN_POINT('',(-39.,49.,23.));
#77 = VECTOR('',#78,1.);
#78 = DIRECTION('',(0.707106781187,-0.707106781187,0.));
#79 = ORIENTED_EDGE('',*,*,#21,.T.);
#80 = ORIENTED_EDGE('',*,*,#72,.T.);
#81 = ORIENTED_EDGE('',*,*,#82,.F.);
#82 = EDGE_CURVE('',#73,#73,#83,.T.);
#83 = CIRCLE('',#84,4.5);
#84 = AXIS2_PLACEMENT_3D('',#85,#86,#87);
#85 = CARTESIAN_POINT('',(-34.5,49.,23.));
#86 = DIRECTION('',(0.,-1.,0.));
#87 = DIRECTION('',(-1.,0.,0.));
#88 = CONICAL_SURFACE('',#89,4.5,0.785398163397);
#89 = AXIS2_PLACEMENT_3D('',#90,#91,#92);
#90 = CARTESIAN_POINT('',(-34.5,49.,23.));
#91 = DIRECTION('',(0.,1.,0.));
#92 = DIRECTION('',(-1.,0.,0.));
#93 = ADVANCED_FACE('',(#94,#164,#175,#186,#197,#222),#233,.T.);
#94 = FACE_BOUND('',#95,.T.);
#95 = EDGE_LOOP('',(#96,#106,#115,#123,#132,#140,#149,#157));
#96 = ORIENTED_EDGE('',*,*,#97,.T.);
#97 = EDGE_CURVE('',#98,#100,#102,.T.);
#98 = VERTEX_POINT('',#99);
#99 = CARTESIAN_POINT('',(-65.,60.5,3.));
#100 = VERTEX_POINT('',#101);
#101 = CARTESIAN_POINT('',(-65.,-60.5,3.));
#102 = LINE('',#103,#104);
#103 = CARTESIAN_POINT('',(-65.,60.5,3.));
#104 = VECTOR('',#105,1.);
#105 = DIRECTION('',(0.,-1.,0.));
#106 = ORIENTED_EDGE('',*,*,#107,.T.);
#107 = EDGE_CURVE('',#100,#108,#110,.T.);
#108 = VERTEX_POINT('',#109);
#109 = CARTESIAN_POINT('',(-63.,-62.5,3.));
#110 = CIRCLE('',#111,2.);
#111 = AXIS2_PLACEMENT_3D('',#112,#113,#114);
#112 = CARTESIAN_POINT('',(-63.,-60.5,3.));
#113 = DIRECTION('',(0.,0.,1.));
#114 = DIRECTION('',(1.,0.,0.));
#115 = ORIENTED_EDGE('',*,*,#116,.T.);
#116 = EDGE_CURVE('',#108,#117,#119,.T.);
#117 = VERTEX_POINT('',#118);
#118 = CARTESIAN_POINT('',(63.,-62.5,3.));
#119 = LINE('',#120,#121);
#120 = CARTESIAN_POINT('',(-63.,-62.5,3.));
#121 = VECTOR('',#122,1.);
#122 = DIRECTION('',(1.,0.,0.));
#123 = ORIENTED_EDGE('',*,*,#124,.T.);
#124 = EDGE_CURVE('',#117,#125,#127,.T.);
#125 = VERTEX_POINT('',#126);
#126 = CARTESIAN_POINT('',(65.,-60.5,3.));
#127 = CIRCLE('',#128,2.);
#128 = AXIS2_PLACEMENT_3D('',#129,#130,#131);
#129 = CARTESIAN_POINT('',(63.,-60.5,3.));
#130 = DIRECTION('',(0.,0.,1.));
#131 = DIRECTION('',(1.,0.,0.));
#132 = ORIENTED_EDGE('',*,*,#133,.T.);
#133 = EDGE_CURVE('',#125,#134,#136,.T.);
#134 = VERTEX_POINT('',#135);
#135 = CARTESIAN_POINT('',(65.,60.5,3.));
#136 = LINE('',#137,#138);
#137 = CARTESIAN_POINT('',(65.,-60.5,3.));
#138 = VECTOR('',#139,1.);
#139 = DIRECTION('',(0.,1.,0.));
#140 = ORIENTED_EDGE('',*,*,#141,.T.);
#141 = EDGE_CURVE('',#134,#142,#144,.T.);
#142 = VERTEX_POINT('',#143);
#143 = CARTESIAN_POINT('',(63.,62.5,3.));
#144 = CIRCLE('',#145,2.);
#145 = AXIS2_PLACEMENT_3D('',#146,#147,#148);
#146 = CARTESIAN_POINT('',(63.,60.5,3.));
#147 = DIRECTION('',(0.,0.,1.));
#148 = DIRECTION('',(1.,0.,0.));
#149 = ORIENTED_EDGE('',*,*,#150,.T.);
#150 = EDGE_CURVE('',#142,#151,#153,.T.);
#151 = VERTEX_POINT('',#152);
#152 = CARTESIAN_POINT('',(-63.,62.5,3.));
#153 = LINE('',#154,#155);
#154 = CARTESIAN_POINT('',(63.,62.5,3.));
#155 = VECTOR('',#156,1.);
#156 = DIRECTION('',(-1.,0.,0.));
#157 = ORIENTED_EDGE('',*,*,#158,.T.);
#158 = EDGE_CURVE('',#151,#98,#159,.T.);
#159 = CIRCLE('',#160,2.);
#160 = AXIS2_PLACEMENT_3D('',#161,#162,#163);
#161 = CARTESIAN_POINT('',(-63.,60.5,3.));
#162 = DIRECTION('',(0.,0.,1.));
#163 = DIRECTION('',(1.,0.,0.));
#164 = FACE_BOUND('',#165,.T.);
#165 = EDGE_LOOP('',(#166));
#166 = ORIENTED_EDGE('',*,*,#167,.F.);
#167 = EDGE_CURVE('',#168,#168,#170,.T.);
#168 = VERTEX_POINT('',#169);
#169 = CARTESIAN_POINT('',(-57.,-56.5,3.));
#170 = CIRCLE('',#171,2.);
#171 = AXIS2_PLACEMENT_3D('',#172,#173,#174);
#172 = CARTESIAN_POINT('',(-59.,-56.5,3.));
#173 = DIRECTION('',(0.,0.,1.));
#174 = DIRECTION('',(1.,0.,0.));
#175 = FACE_BOUND('',#176,.T.);
#176 = EDGE_LOOP('',(#177));
#177 = ORIENTED_EDGE('',*,*,#178,.F.);
#178 = EDGE_CURVE('',#179,#179,#181,.T.);
#179 = VERTEX_POINT('',#180);
#180 = CARTESIAN_POINT('',(61.,-56.5,3.));
#181 = CIRCLE('',#182,2.);
#182 = AXIS2_PLACEMENT_3D('',#183,#184,#185);
#183 = CARTESIAN_POINT('',(59.,-56.5,3.));
#184 = DIRECTION('',(0.,0.,1.));
#185 = DIRECTION('',(1.,0.,0.));
#186 = FACE_BOUND('',#187,.T.);
#187 = EDGE_LOOP('',(#188));
#188 = ORIENTED_EDGE('',*,*,#189,.F.);
#189 = EDGE_CURVE('',#190,#190,#192,.T.);
#190 = VERTEX_POINT('',#191);
#191 = CARTESIAN_POINT('',(-57.,56.5,3.));
#192 = CIRCLE('',#193,2.);
#193 = AXIS2_PLACEMENT_3D('',#194,#195,#196);
#194 = CARTESIAN_POINT('',(-59.,56.5,3.));
#195 = DIRECTION('',(0.,0.,1.));
#196 = DIRECTION('',(1.,0.,0.));
#197 = FACE_BOUND('',#198,.T.);
#198 = EDGE_LOOP('',(#199,#209,#215,#216));
#199 = ORIENTED_EDGE('',*,*,#200,.T.);
#200 = EDGE_CURVE('',#201,#203,#205,.T.);
#201 = VERTEX_POINT('',#202);
#202 = CARTESIAN_POINT('',(52.5,-50.,3.));
#203 = VERTEX_POINT('',#204);
#204 = CARTESIAN_POINT('',(-52.5,-50.,3.));
#205 = LINE('',#206,#207);
#206 = CARTESIAN_POINT('',(-26.25,-50.,3.));
#207 = VECTOR('',#208,1.);
#208 = DIRECTION('',(-1.,0.,0.));
#209 = ORIENTED_EDGE('',*,*,#210,.T.);
#210 = EDGE_CURVE('',#203,#33,#211,.T.);
#211 = LINE('',#212,#213);
#212 = CARTESIAN_POINT('',(-52.5,25.,3.));
#213 = VECTOR('',#214,1.);
#214 = DIRECTION('',(0.,1.,0.));
#215 = ORIENTED_EDGE('',*,*,#32,.T.);
#216 = ORIENTED_EDGE('',*,*,#217,.T.);
#217 = EDGE_CURVE('',#35,#201,#218,.T.);
#218 = LINE('',#219,#220);
#219 = CARTESIAN_POINT('',(52.5,-25.,3.));
#220 = VECTOR('',#221,1.);
#221 = DIRECTION('',(0.,-1.,0.));
#222 = FACE_BOUND('',#223,.T.);
#223 = EDGE_LOOP('',(#224));
#224 = ORIENTED_EDGE('',*,*,#225,.F.);
#225 = EDGE_CURVE('',#226,#226,#228,.T.);
#226 = VERTEX_POINT('',#227);
#227 = CARTESIAN_POINT('',(61.,56.5,3.));
#228 = CIRCLE('',#229,2.);
#229 = AXIS2_PLACEMENT_3D('',#230,#231,#232);
#230 = CARTESIAN_POINT('',(59.,56.5,3.));
#231 = DIRECTION('',(0.,0.,1.));
#232 = DIRECTION('',(1.,0.,0.));
#233 = PLANE('',#234);
#234 = AXIS2_PLACEMENT_3D('',#235,#236,#237);
#235 = CARTESIAN_POINT('',(1.E-17,-5.87E-15,3.));
#236 = DIRECTION('',(0.,0.,1.));
#237 = DIRECTION('',(1.,0.,0.));
#238 = ADVANCED_FACE('',(#239),#257,.F.);
#239 = FACE_BOUND('',#240,.F.);
#240 = EDGE_LOOP('',(#241,#242,#243,#251));
#241 = ORIENTED_EDGE('',*,*,#210,.T.);
#242 = ORIENTED_EDGE('',*,*,#58,.T.);
#243 = ORIENTED_EDGE('',*,*,#244,.T.);
#244 = EDGE_CURVE('',#51,#245,#247,.T.);
#245 = VERTEX_POINT('',#246);
#246 = CARTESIAN_POINT('',(-52.5,-50.,50.));
#247 = LINE('',#248,#249);
#248 = CARTESIAN_POINT('',(-52.5,50.,50.));
#249 = VECTOR('',#250,1.);
#250 = DIRECTION('',(0.,-1.,0.));
#251 = ORIENTED_EDGE('',*,*,#252,.F.);
#252 = EDGE_CURVE('',#203,#245,#253,.T.);
#253 = LINE('',#254,#255);
#254 = CARTESIAN_POINT('',(-52.5,-50.,0.));
#255 = VECTOR('',#256,1.);
#256 = DIRECTION('',(0.,0.,1.));
#257 = PLANE('',#258);
#258 = AXIS2_PLACEMENT_3D('',#259,#260,#261);
#259 = CARTESIAN_POINT('',(-52.5,50.,0.));
#260 = DIRECTION('',(1.,0.,0.));
#261 = DIRECTION('',(0.,-1.,0.));
#262 = ADVANCED_FACE('',(#263,#281),#292,.F.);
#263 = FACE_BOUND('',#264,.F.);
#264 = EDGE_LOOP('',(#265,#266,#274,#280));
#265 = ORIENTED_EDGE('',*,*,#217,.T.);
#266 = ORIENTED_EDGE('',*,*,#267,.T.);
#267 = EDGE_CURVE('',#201,#268,#270,.T.);
#268 = VERTEX_POINT('',#269);
#269 = CARTESIAN_POINT('',(52.5,-50.,50.));
#270 = LINE('',#271,#272);
#271 = CARTESIAN_POINT('',(52.5,-50.,0.));
#272 = VECTOR('',#273,1.);
#273 = DIRECTION('',(0.,0.,1.));
#274 = ORIENTED_EDGE('',*,*,#275,.T.);
#275 = EDGE_CURVE('',#268,#43,#276,.T.);
#276 = LINE('',#277,#278);
#277 = CARTESIAN_POINT('',(52.5,-50.,50.));
#278 = VECTOR('',#279,1.);
#279 = DIRECTION('',(0.,1.,0.));
#280 = ORIENTED_EDGE('',*,*,#42,.F.);
#281 = FACE_BOUND('',#282,.F.);
#282 = EDGE_LOOP('',(#283));
#283 = ORIENTED_EDGE('',*,*,#284,.T.);
#284 = EDGE_CURVE('',#285,#285,#287,.T.);
#285 = VERTEX_POINT('',#286);
#286 = CARTESIAN_POINT('',(52.5,39.875,29.));
#287 = CIRCLE('',#288,7.875);
#288 = AXIS2_PLACEMENT_3D('',#289,#290,#291);
#289 = CARTESIAN_POINT('',(52.5,32.,29.));
#290 = DIRECTION('',(1.,0.,0.));
#291 = DIRECTION('',(0.,1.,0.));
#292 = PLANE('',#293);
#293 = AXIS2_PLACEMENT_3D('',#294,#295,#296);
#294 = CARTESIAN_POINT('',(52.5,-50.,0.));
#295 = DIRECTION('',(-1.,0.,0.));
#296 = DIRECTION('',(0.,1.,0.));
#297 = ADVANCED_FACE('',(#298,#309),#343,.T.);
#298 = FACE_BOUND('',#299,.T.);
#299 = EDGE_LOOP('',(#300,#301,#307,#308));
#300 = ORIENTED_EDGE('',*,*,#244,.T.);
#301 = ORIENTED_EDGE('',*,*,#302,.T.);
#302 = EDGE_CURVE('',#245,#268,#303,.T.);
#303 = LINE('',#304,#305);
#304 = CARTESIAN_POINT('',(-52.5,-50.,50.));
#305 = VECTOR('',#306,1.);
#306 = DIRECTION('',(1.,0.,0.));
#307 = ORIENTED_EDGE('',*,*,#275,.T.);
#308 = ORIENTED_EDGE('',*,*,#50,.T.);
#309 = FACE_BOUND('',#310,.T.);
#310 = EDGE_LOOP('',(#311,#321,#329,#337));
#311 = ORIENTED_EDGE('',*,*,#312,.F.);
#312 = EDGE_CURVE('',#313,#315,#317,.T.);
#313 = VERTEX_POINT('',#314);
#314 = CARTESIAN_POINT('',(51.1,-48.6,50.));
#315 = VERTEX_POINT('',#316);
#316 = CARTESIAN_POINT('',(51.1,48.6,50.));
#317 = LINE('',#318,#319);
#318 = CARTESIAN_POINT('',(51.1,-48.6,50.));
#319 = VECTOR('',#320,1.);
#320 = DIRECTION('',(0.,1.,0.));
#321 = ORIENTED_EDGE('',*,*,#322,.F.);
#322 = EDGE_CURVE('',#323,#313,#325,.T.);
#323 = VERTEX_POINT('',#324);
#324 = CARTESIAN_POINT('',(-51.1,-48.6,50.));
#325 = LINE('',#326,#327);
#326 = CARTESIAN_POINT('',(-51.1,-48.6,50.));
#327 = VECTOR('',#328,1.);
#328 = DIRECTION('',(1.,0.,0.));
#329 = ORIENTED_EDGE('',*,*,#330,.F.);
#330 = EDGE_CURVE('',#331,#323,#333,.T.);
#331 = VERTEX_POINT('',#332);
#332 = CARTESIAN_POINT('',(-51.1,48.6,50.));
#333 = LINE('',#334,#335);
#334 = CARTESIAN_POINT('',(-51.1,48.6,50.));
#335 = VECTOR('',#336,1.);
#336 = DIRECTION('',(0.,-1.,0.));
#337 = ORIENTED_EDGE('',*,*,#338,.F.);
#338 = EDGE_CURVE('',#315,#331,#339,.T.);
#339 = LINE('',#340,#341);
#340 = CARTESIAN_POINT('',(51.1,48.6,50.));
#341 = VECTOR('',#342,1.);
#342 = DIRECTION('',(-1.,0.,0.));
#343 = PLANE('',#344);
#344 = AXIS2_PLACEMENT_3D('',#345,#346,#347);
#345 = CARTESIAN_POINT('',(0.,0.,50.));
#346 = DIRECTION('',(0.,0.,1.));
#347 = DIRECTION('',(1.,0.,0.));
#348 = ADVANCED_FACE('',(#349),#368,.F.);
#349 = FACE_BOUND('',#350,.T.);
#350 = EDGE_LOOP('',(#351,#359,#366,#367));
#351 = ORIENTED_EDGE('',*,*,#352,.F.);
#352 = EDGE_CURVE('',#353,#73,#355,.T.);
#353 = VERTEX_POINT('',#354);
#354 = CARTESIAN_POINT('',(-39.,47.,23.));
#355 = LINE('',#356,#357);
#356 = CARTESIAN_POINT('',(-39.,47.,23.));
#357 = VECTOR('',#358,1.);
#358 = DIRECTION('',(1.6E-16,1.,0.));
#359 = ORIENTED_EDGE('',*,*,#360,.F.);
#360 = EDGE_CURVE('',#353,#353,#361,.T.);
#361 = CIRCLE('',#362,4.5);
#362 = AXIS2_PLACEMENT_3D('',#363,#364,#365);
#363 = CARTESIAN_POINT('',(-34.5,47.,23.));
#364 = DIRECTION('',(0.,1.,-0.));
#365 = DIRECTION('',(-1.,0.,0.));
#366 = ORIENTED_EDGE('',*,*,#352,.T.);
#367 = ORIENTED_EDGE('',*,*,#82,.F.);
#368 = CYLINDRICAL_SURFACE('',#369,4.5);
#369 = AXIS2_PLACEMENT_3D('',#370,#371,#372);
#370 = CARTESIAN_POINT('',(-34.5,47.,23.));
#371 = DIRECTION('',(-1.6E-16,-1.,-2.2E-16));
#372 = DIRECTION('',(-1.,1.6E-16,0.));
#373 = ADVANCED_FACE('',(#374),#399,.F.);
#374 = FACE_BOUND('',#375,.F.);
#375 = EDGE_LOOP('',(#376,#384,#385,#393));
#376 = ORIENTED_EDGE('',*,*,#377,.T.);
#377 = EDGE_CURVE('',#378,#98,#380,.T.);
#378 = VERTEX_POINT('',#379);
#379 = CARTESIAN_POINT('',(-65.,60.5,0.));
#380 = LINE('',#381,#382);
#381 = CARTESIAN_POINT('',(-65.,60.5,0.));
#382 = VECTOR('',#383,1.);
#383 = DIRECTION('',(0.,0.,1.));
#384 = ORIENTED_EDGE('',*,*,#97,.T.);
#385 = ORIENTED_EDGE('',*,*,#386,.F.);
#386 = EDGE_CURVE('',#387,#100,#389,.T.);
#387 = VERTEX_POINT('',#388);
#388 = CARTESIAN_POINT('',(-65.,-60.5,0.));
#389 = LINE('',#390,#391);
#390 = CARTESIAN_POINT('',(-65.,-60.5,0.));
#391 = VECTOR('',#392,1.);
#392 = DIRECTION('',(0.,0.,1.));
#393 = ORIENTED_EDGE('',*,*,#394,.F.);
#394 = EDGE_CURVE('',#378,#387,#395,.T.);
#395 = LINE('',#396,#397);
#396 = CARTESIAN_POINT('',(-65.,60.5,0.));
#397 = VECTOR('',#398,1.);
#398 = DIRECTION('',(0.,-1.,0.));
#399 = PLANE('',#400);
#400 = AXIS2_PLACEMENT_3D('',#401,#402,#403);
#401 = CARTESIAN_POINT('',(-65.,60.5,0.));
#402 = DIRECTION('',(1.,0.,0.));
#403 = DIRECTION('',(0.,-1.,0.));
#404 = ADVANCED_FACE('',(#405),#424,.T.);
#405 = FACE_BOUND('',#406,.F.);
#406 = EDGE_LOOP('',(#407,#415,#416,#417));
#407 = ORIENTED_EDGE('',*,*,#408,.T.);
#408 = EDGE_CURVE('',#409,#151,#411,.T.);
#409 = VERTEX_POINT('',#410);
#410 = CARTESIAN_POINT('',(-63.,62.5,0.));
#411 = LINE('',#412,#413);
#412 = CARTESIAN_POINT('',(-63.,62.5,0.));
#413 = VECTOR('',#414,1.);
#414 = DIRECTION('',(0.,0.,1.));
#415 = ORIENTED_EDGE('',*,*,#158,.T.);
#416 = ORIENTED_EDGE('',*,*,#377,.F.);
#417 = ORIENTED_EDGE('',*,*,#418,.F.);
#418 = EDGE_CURVE('',#409,#378,#419,.T.);
#419 = CIRCLE('',#420,2.);
#420 = AXIS2_PLACEMENT_3D('',#421,#422,#423);
#421 = CARTESIAN_POINT('',(-63.,60.5,0.));
#422 = DIRECTION('',(0.,0.,1.));
#423 = DIRECTION('',(1.,0.,0.));
#424 = CYLINDRICAL_SURFACE('',#425,2.);
#425 = AXIS2_PLACEMENT_3D('',#426,#427,#428);
#426 = CARTESIAN_POINT('',(-63.,60.5,0.));
#427 = DIRECTION('',(-0.,-0.,-1.));
#428 = DIRECTION('',(1.,0.,0.));
#429 = ADVANCED_FACE('',(#430),#449,.T.);
#430 = FACE_BOUND('',#431,.F.);
#431 = EDGE_LOOP('',(#432,#433,#434,#442));
#432 = ORIENTED_EDGE('',*,*,#386,.T.);
#433 = ORIENTED_EDGE('',*,*,#107,.T.);
#434 = ORIENTED_EDGE('',*,*,#435,.F.);
#435 = EDGE_CURVE('',#436,#108,#438,.T.);
#436 = VERTEX_POINT('',#437);
#437 = CARTESIAN_POINT('',(-63.,-62.5,0.));
#438 = LINE('',#439,#440);
#439 = CARTESIAN_POINT('',(-63.,-62.5,0.));
#440 = VECTOR('',#441,1.);
#441 = DIRECTION('',(0.,0.,1.));
#442 = ORIENTED_EDGE('',*,*,#443,.F.);
#443 = EDGE_CURVE('',#387,#436,#444,.T.);
#444 = CIRCLE('',#445,2.);
#445 = AXIS2_PLACEMENT_3D('',#446,#447,#448);
#446 = CARTESIAN_POINT('',(-63.,-60.5,0.));
#447 = DIRECTION('',(0.,0.,1.));
#448 = DIRECTION('',(1.,0.,0.));
#449 = CYLINDRICAL_SURFACE('',#450,2.);
#450 = AXIS2_PLACEMENT_3D('',#451,#452,#453);
#451 = CARTESIAN_POINT('',(-63.,-60.5,0.));
#452 = DIRECTION('',(-0.,-0.,-1.));
#453 = DIRECTION('',(1.,0.,0.));
#454 = ADVANCED_FACE('',(#455),#473,.F.);
#455 = FACE_BOUND('',#456,.F.);
#456 = EDGE_LOOP('',(#457,#465,#466,#467));
#457 = ORIENTED_EDGE('',*,*,#458,.T.);
#458 = EDGE_CURVE('',#459,#142,#461,.T.);
#459 = VERTEX_POINT('',#460);
#460 = CARTESIAN_POINT('',(63.,62.5,0.));
#461 = LINE('',#462,#463);
#462 = CARTESIAN_POINT('',(63.,62.5,0.));
#463 = VECTOR('',#464,1.);
#464 = DIRECTION('',(0.,0.,1.));
#465 = ORIENTED_EDGE('',*,*,#150,.T.);
#466 = ORIENTED_EDGE('',*,*,#408,.F.);
#467 = ORIENTED_EDGE('',*,*,#468,.F.);
#468 = EDGE_CURVE('',#459,#409,#469,.T.);
#469 = LINE('',#470,#471);
#470 = CARTESIAN_POINT('',(63.,62.5,0.));
#471 = VECTOR('',#472,1.);
#472 = DIRECTION('',(-1.,0.,0.));
#473 = PLANE('',#474);
#474 = AXIS2_PLACEMENT_3D('',#475,#476,#477);
#475 = CARTESIAN_POINT('',(63.,62.5,0.));
#476 = DIRECTION('',(0.,-1.,0.));
#477 = DIRECTION('',(-1.,0.,0.));
#478 = ADVANCED_FACE('',(#479),#497,.F.);
#479 = FACE_BOUND('',#480,.F.);
#480 = EDGE_LOOP('',(#481,#482,#483,#491));
#481 = ORIENTED_EDGE('',*,*,#435,.T.);
#482 = ORIENTED_EDGE('',*,*,#116,.T.);
#483 = ORIENTED_EDGE('',*,*,#484,.F.);
#484 = EDGE_CURVE('',#485,#117,#487,.T.);
#485 = VERTEX_POINT('',#486);
#486 = CARTESIAN_POINT('',(63.,-62.5,0.));
#487 = LINE('',#488,#489);
#488 = CARTESIAN_POINT('',(63.,-62.5,0.));
#489 = VECTOR('',#490,1.);
#490 = DIRECTION('',(0.,0.,1.));
#491 = ORIENTED_EDGE('',*,*,#492,.F.);
#492 = EDGE_CURVE('',#436,#485,#493,.T.);
#493 = LINE('',#494,#495);
#494 = CARTESIAN_POINT('',(-63.,-62.5,0.));
#495 = VECTOR('',#496,1.);
#496 = DIRECTION('',(1.,0.,0.));
#497 = PLANE('',#498);
#498 = AXIS2_PLACEMENT_3D('',#499,#500,#501);
#499 = CARTESIAN_POINT('',(-63.,-62.5,0.));
#500 = DIRECTION('',(0.,1.,0.));
#501 = DIRECTION('',(1.,0.,0.));
#502 = ADVANCED_FACE('',(#503),#522,.T.);
#503 = FACE_BOUND('',#504,.F.);
#504 = EDGE_LOOP('',(#505,#513,#514,#515));
#505 = ORIENTED_EDGE('',*,*,#506,.T.);
#506 = EDGE_CURVE('',#507,#134,#509,.T.);
#507 = VERTEX_POINT('',#508);
#508 = CARTESIAN_POINT('',(65.,60.5,0.));
#509 = LINE('',#510,#511);
#510 = CARTESIAN_POINT('',(65.,60.5,0.));
#511 = VECTOR('',#512,1.);
#512 = DIRECTION('',(0.,0.,1.));
#513 = ORIENTED_EDGE('',*,*,#141,.T.);
#514 = ORIENTED_EDGE('',*,*,#458,.F.);
#515 = ORIENTED_EDGE('',*,*,#516,.F.);
#516 = EDGE_CURVE('',#507,#459,#517,.T.);
#517 = CIRCLE('',#518,2.);
#518 = AXIS2_PLACEMENT_3D('',#519,#520,#521);
#519 = CARTESIAN_POINT('',(63.,60.5,0.));
#520 = DIRECTION('',(0.,0.,1.));
#521 = DIRECTION('',(1.,0.,0.));
#522 = CYLINDRICAL_SURFACE('',#523,2.);
#523 = AXIS2_PLACEMENT_3D('',#524,#525,#526);
#524 = CARTESIAN_POINT('',(63.,60.5,0.));
#525 = DIRECTION('',(-0.,-0.,-1.));
#526 = DIRECTION('',(1.,0.,0.));
#527 = ADVANCED_FACE('',(#528),#547,.T.);
#528 = FACE_BOUND('',#529,.F.);
#529 = EDGE_LOOP('',(#530,#531,#532,#540));
#530 = ORIENTED_EDGE('',*,*,#484,.T.);
#531 = ORIENTED_EDGE('',*,*,#124,.T.);
#532 = ORIENTED_EDGE('',*,*,#533,.F.);
#533 = EDGE_CURVE('',#534,#125,#536,.T.);
#534 = VERTEX_POINT('',#535);
#535 = CARTESIAN_POINT('',(65.,-60.5,0.));
#536 = LINE('',#537,#538);
#537 = CARTESIAN_POINT('',(65.,-60.5,0.));
#538 = VECTOR('',#539,1.);
#539 = DIRECTION('',(0.,0.,1.));
#540 = ORIENTED_EDGE('',*,*,#541,.F.);
#541 = EDGE_CURVE('',#485,#534,#542,.T.);
#542 = CIRCLE('',#543,2.);
#543 = AXIS2_PLACEMENT_3D('',#544,#545,#546);
#544 = CARTESIAN_POINT('',(63.,-60.5,0.));
#545 = DIRECTION('',(0.,0.,1.));
#546 = DIRECTION('',(1.,0.,0.));
#547 = CYLINDRICAL_SURFACE('',#548,2.);
#548 = AXIS2_PLACEMENT_3D('',#549,#550,#551);
#549 = CARTESIAN_POINT('',(63.,-60.5,0.));
#550 = DIRECTION('',(-0.,-0.,-1.));
#551 = DIRECTION('',(1.,0.,0.));
#552 = ADVANCED_FACE('',(#553),#564,.F.);
#553 = FACE_BOUND('',#554,.F.);
#554 = EDGE_LOOP('',(#555,#556,#557,#558));
#555 = ORIENTED_EDGE('',*,*,#533,.T.);
#556 = ORIENTED_EDGE('',*,*,#133,.T.);
#557 = ORIENTED_EDGE('',*,*,#506,.F.);
#558 = ORIENTED_EDGE('',*,*,#559,.F.);
#559 = EDGE_CURVE('',#534,#507,#560,.T.);
#560 = LINE('',#561,#562);
#561 = CARTESIAN_POINT('',(65.,-60.5,0.));
#562 = VECTOR('',#563,1.);
#563 = DIRECTION('',(0.,1.,0.));
#564 = PLANE('',#565);
#565 = AXIS2_PLACEMENT_3D('',#566,#567,#568);
#566 = CARTESIAN_POINT('',(65.,-60.5,0.));
#567 = DIRECTION('',(-1.,0.,0.));
#568 = DIRECTION('',(0.,1.,0.));
#569 = ADVANCED_FACE('',(#570),#589,.F.);
#570 = FACE_BOUND('',#571,.F.);
#571 = EDGE_LOOP('',(#572,#573,#581,#588));
#572 = ORIENTED_EDGE('',*,*,#167,.F.);
#573 = ORIENTED_EDGE('',*,*,#574,.T.);
#574 = EDGE_CURVE('',#168,#575,#577,.T.);
#575 = VERTEX_POINT('',#576);
#576 = CARTESIAN_POINT('',(-57.,-56.5,0.));
#577 = LINE('',#578,#579);
#578 = CARTESIAN_POINT('',(-57.,-56.5,3.));
#579 = VECTOR('',#580,1.);
#580 = DIRECTION('',(-0.,-0.,-1.));
#581 = ORIENTED_EDGE('',*,*,#582,.T.);
#582 = EDGE_CURVE('',#575,#575,#583,.T.);
#583 = CIRCLE('',#584,2.);
#584 = AXIS2_PLACEMENT_3D('',#585,#586,#587);
#585 = CARTESIAN_POINT('',(-59.,-56.5,0.));
#586 = DIRECTION('',(0.,0.,1.));
#587 = DIRECTION('',(1.,0.,0.));
#588 = ORIENTED_EDGE('',*,*,#574,.F.);
#589 = CYLINDRICAL_SURFACE('',#590,2.);
#590 = AXIS2_PLACEMENT_3D('',#591,#592,#593);
#591 = CARTESIAN_POINT('',(-59.,-56.5,3.));
#592 = DIRECTION('',(0.,0.,1.));
#593 = DIRECTION('',(1.,0.,0.));
#594 = ADVANCED_FACE('',(#595),#614,.F.);
#595 = FACE_BOUND('',#596,.F.);
#596 = EDGE_LOOP('',(#597,#598,#606,#613));
#597 = ORIENTED_EDGE('',*,*,#178,.F.);
#598 = ORIENTED_EDGE('',*,*,#599,.T.);
#599 = EDGE_CURVE('',#179,#600,#602,.T.);
#600 = VERTEX_POINT('',#601);
#601 = CARTESIAN_POINT('',(61.,-56.5,0.));
#602 = LINE('',#603,#604);
#603 = CARTESIAN_POINT('',(61.,-56.5,3.));
#604 = VECTOR('',#605,1.);
#605 = DIRECTION('',(-0.,-0.,-1.));
#606 = ORIENTED_EDGE('',*,*,#607,.T.);
#607 = EDGE_CURVE('',#600,#600,#608,.T.);
#608 = CIRCLE('',#609,2.);
#609 = AXIS2_PLACEMENT_3D('',#610,#611,#612);
#610 = CARTESIAN_POINT('',(59.,-56.5,0.));
#611 = DIRECTION('',(0.,0.,1.));
#612 = DIRECTION('',(1.,0.,0.));
#613 = ORIENTED_EDGE('',*,*,#599,.F.);
#614 = CYLINDRICAL_SURFACE('',#615,2.);
#615 = AXIS2_PLACEMENT_3D('',#616,#617,#618);
#616 = CARTESIAN_POINT('',(59.,-56.5,3.));
#617 = DIRECTION('',(0.,0.,1.));
#618 = DIRECTION('',(1.,0.,0.));
#619 = ADVANCED_FACE('',(#620),#639,.F.);
#620 = FACE_BOUND('',#621,.F.);
#621 = EDGE_LOOP('',(#622,#623,#631,#638));
#622 = ORIENTED_EDGE('',*,*,#189,.F.);
#623 = ORIENTED_EDGE('',*,*,#624,.T.);
#624 = EDGE_CURVE('',#190,#625,#627,.T.);
#625 = VERTEX_POINT('',#626);
#626 = CARTESIAN_POINT('',(-57.,56.5,0.));
#627 = LINE('',#628,#629);
#628 = CARTESIAN_POINT('',(-57.,56.5,3.));
#629 = VECTOR('',#630,1.);
#630 = DIRECTION('',(-0.,-0.,-1.));
#631 = ORIENTED_EDGE('',*,*,#632,.T.);
#632 = EDGE_CURVE('',#625,#625,#633,.T.);
#633 = CIRCLE('',#634,2.);
#634 = AXIS2_PLACEMENT_3D('',#635,#636,#637);
#635 = CARTESIAN_POINT('',(-59.,56.5,0.));
#636 = DIRECTION('',(0.,0.,1.));
#637 = DIRECTION('',(1.,0.,0.));
#638 = ORIENTED_EDGE('',*,*,#624,.F.);
#639 = CYLINDRICAL_SURFACE('',#640,2.);
#640 = AXIS2_PLACEMENT_3D('',#641,#642,#643);
#641 = CARTESIAN_POINT('',(-59.,56.5,3.));
#642 = DIRECTION('',(0.,0.,1.));
#643 = DIRECTION('',(1.,0.,0.));
#644 = ADVANCED_FACE('',(#645),#651,.F.);
#645 = FACE_BOUND('',#646,.F.);
#646 = EDGE_LOOP('',(#647,#648,#649,#650));
#647 = ORIENTED_EDGE('',*,*,#200,.T.);
#648 = ORIENTED_EDGE('',*,*,#252,.T.);
#649 = ORIENTED_EDGE('',*,*,#302,.T.);
#650 = ORIENTED_EDGE('',*,*,#267,.F.);
#651 = PLANE('',#652);
#652 = AXIS2_PLACEMENT_3D('',#653,#654,#655);
#653 = CARTESIAN_POINT('',(-52.5,-50.,0.));
#654 = DIRECTION('',(0.,1.,0.));
#655 = DIRECTION('',(1.,0.,0.));
#656 = ADVANCED_FACE('',(#657),#676,.F.);
#657 = FACE_BOUND('',#658,.F.);
#658 = EDGE_LOOP('',(#659,#660,#668,#675));
#659 = ORIENTED_EDGE('',*,*,#225,.F.);
#660 = ORIENTED_EDGE('',*,*,#661,.T.);
#661 = EDGE_CURVE('',#226,#662,#664,.T.);
#662 = VERTEX_POINT('',#663);
#663 = CARTESIAN_POINT('',(61.,56.5,0.));
#664 = LINE('',#665,#666);
#665 = CARTESIAN_POINT('',(61.,56.5,3.));
#666 = VECTOR('',#667,1.);
#667 = DIRECTION('',(-0.,-0.,-1.));
#668 = ORIENTED_EDGE('',*,*,#669,.T.);
#669 = EDGE_CURVE('',#662,#662,#670,.T.);
#670 = CIRCLE('',#671,2.);
#671 = AXIS2_PLACEMENT_3D('',#672,#673,#674);
#672 = CARTESIAN_POINT('',(59.,56.5,0.));
#673 = DIRECTION('',(0.,0.,1.));
#674 = DIRECTION('',(1.,0.,0.));
#675 = ORIENTED_EDGE('',*,*,#661,.F.);
#676 = CYLINDRICAL_SURFACE('',#677,2.);
#677 = AXIS2_PLACEMENT_3D('',#678,#679,#680);
#678 = CARTESIAN_POINT('',(59.,56.5,3.));
#679 = DIRECTION('',(0.,0.,1.));
#680 = DIRECTION('',(1.,0.,0.));
#681 = ADVANCED_FACE('',(#682),#701,.F.);
#682 = FACE_BOUND('',#683,.F.);
#683 = EDGE_LOOP('',(#684,#692,#693,#694));
#684 = ORIENTED_EDGE('',*,*,#685,.F.);
#685 = EDGE_CURVE('',#285,#686,#688,.T.);
#686 = VERTEX_POINT('',#687);
#687 = CARTESIAN_POINT('',(49.5,39.875,29.));
#688 = LINE('',#689,#690);
#689 = CARTESIAN_POINT('',(52.5,39.875,29.));
#690 = VECTOR('',#691,1.);
#691 = DIRECTION('',(-1.,-1.1E-16,1.1E-16));
#692 = ORIENTED_EDGE('',*,*,#284,.F.);
#693 = ORIENTED_EDGE('',*,*,#685,.T.);
#694 = ORIENTED_EDGE('',*,*,#695,.T.);
#695 = EDGE_CURVE('',#686,#686,#696,.T.);
#696 = CIRCLE('',#697,7.875);
#697 = AXIS2_PLACEMENT_3D('',#698,#699,#700);
#698 = CARTESIAN_POINT('',(49.5,32.,29.));
#699 = DIRECTION('',(1.,4.4E-16,-2.2E-16));
#700 = DIRECTION('',(-4.4E-16,1.,2.2E-16));
#701 = CYLINDRICAL_SURFACE('',#702,7.875);
#702 = AXIS2_PLACEMENT_3D('',#703,#704,#705);
#703 = CARTESIAN_POINT('',(52.5,32.,29.));
#704 = DIRECTION('',(1.,4.4E-16,-2.2E-16));
#705 = DIRECTION('',(-4.4E-16,1.,2.2E-16));
#706 = ADVANCED_FACE('',(#707),#732,.F.);
#707 = FACE_BOUND('',#708,.F.);
#708 = EDGE_LOOP('',(#709,#717,#725,#731));
#709 = ORIENTED_EDGE('',*,*,#710,.T.);
#710 = EDGE_CURVE('',#313,#711,#713,.T.);
#711 = VERTEX_POINT('',#712);
#712 = CARTESIAN_POINT('',(51.1,-48.6,47.));
#713 = LINE('',#714,#715);
#714 = CARTESIAN_POINT('',(51.1,-48.6,50.));
#715 = VECTOR('',#716,1.);
#716 = DIRECTION('',(-0.,-0.,-1.));
#717 = ORIENTED_EDGE('',*,*,#718,.T.);
#718 = EDGE_CURVE('',#711,#719,#721,.T.);
#719 = VERTEX_POINT('',#720);
#720 = CARTESIAN_POINT('',(51.1,48.6,47.));
#721 = LINE('',#722,#723);
#722 = CARTESIAN_POINT('',(51.1,-48.6,47.));
#723 = VECTOR('',#724,1.);
#724 = DIRECTION('',(0.,1.,0.));
#725 = ORIENTED_EDGE('',*,*,#726,.F.);
#726 = EDGE_CURVE('',#315,#719,#727,.T.);
#727 = LINE('',#728,#729);
#728 = CARTESIAN_POINT('',(51.1,48.6,50.));
#729 = VECTOR('',#730,1.);
#730 = DIRECTION('',(-0.,-0.,-1.));
#731 = ORIENTED_EDGE('',*,*,#312,.F.);
#732 = PLANE('',#733);
#733 = AXIS2_PLACEMENT_3D('',#734,#735,#736);
#734 = CARTESIAN_POINT('',(51.1,-48.6,50.));
#735 = DIRECTION('',(1.,0.,0.));
#736 = DIRECTION('',(0.,1.,0.));
#737 = ADVANCED_FACE('',(#738),#756,.F.);
#738 = FACE_BOUND('',#739,.F.);
#739 = EDGE_LOOP('',(#740,#741,#749,#755));
#740 = ORIENTED_EDGE('',*,*,#726,.T.);
#741 = ORIENTED_EDGE('',*,*,#742,.T.);
#742 = EDGE_CURVE('',#719,#743,#745,.T.);
#743 = VERTEX_POINT('',#744);
#744 = CARTESIAN_POINT('',(-51.1,48.6,47.));
#745 = LINE('',#746,#747);
#746 = CARTESIAN_POINT('',(51.1,48.6,47.));
#747 = VECTOR('',#748,1.);
#748 = DIRECTION('',(-1.,0.,0.));
#749 = ORIENTED_EDGE('',*,*,#750,.F.);
#750 = EDGE_CURVE('',#331,#743,#751,.T.);
#751 = LINE('',#752,#753);
#752 = CARTESIAN_POINT('',(-51.1,48.6,50.));
#753 = VECTOR('',#754,1.);
#754 = DIRECTION('',(-0.,-0.,-1.));
#755 = ORIENTED_EDGE('',*,*,#338,.F.);
#756 = PLANE('',#757);
#757 = AXIS2_PLACEMENT_3D('',#758,#759,#760);
#758 = CARTESIAN_POINT('',(51.1,48.6,50.));
#759 = DIRECTION('',(0.,1.,0.));
#760 = DIRECTION('',(-1.,0.,0.));
#761 = ADVANCED_FACE('',(#762),#780,.F.);
#762 = FACE_BOUND('',#763,.F.);
#763 = EDGE_LOOP('',(#764,#765,#773,#779));
#764 = ORIENTED_EDGE('',*,*,#750,.T.);
#765 = ORIENTED_EDGE('',*,*,#766,.T.);
#766 = EDGE_CURVE('',#743,#767,#769,.T.);
#767 = VERTEX_POINT('',#768);
#768 = CARTESIAN_POINT('',(-51.1,-48.6,47.));
#769 = LINE('',#770,#771);
#770 = CARTESIAN_POINT('',(-51.1,48.6,47.));
#771 = VECTOR('',#772,1.);
#772 = DIRECTION('',(0.,-1.,0.));
#773 = ORIENTED_EDGE('',*,*,#774,.F.);
#774 = EDGE_CURVE('',#323,#767,#775,.T.);
#775 = LINE('',#776,#777);
#776 = CARTESIAN_POINT('',(-51.1,-48.6,50.));
#777 = VECTOR('',#778,1.);
#778 = DIRECTION('',(-0.,-0.,-1.));
#779 = ORIENTED_EDGE('',*,*,#330,.F.);
#780 = PLANE('',#781);
#781 = AXIS2_PLACEMENT_3D('',#782,#783,#784);
#782 = CARTESIAN_POINT('',(-51.1,48.6,50.));
#783 = DIRECTION('',(-1.,0.,0.));
#784 = DIRECTION('',(0.,-1.,0.));
#785 = ADVANCED_FACE('',(#786),#797,.F.);
#786 = FACE_BOUND('',#787,.F.);
#787 = EDGE_LOOP('',(#788,#789,#795,#796));
#788 = ORIENTED_EDGE('',*,*,#774,.T.);
#789 = ORIENTED_EDGE('',*,*,#790,.T.);
#790 = EDGE_CURVE('',#767,#711,#791,.T.);
#791 = LINE('',#792,#793);
#792 = CARTESIAN_POINT('',(-51.1,-48.6,47.));
#793 = VECTOR('',#794,1.);
#794 = DIRECTION('',(1.,0.,0.));
#795 = ORIENTED_EDGE('',*,*,#710,.F.);
#796 = ORIENTED_EDGE('',*,*,#322,.F.);
#797 = PLANE('',#798);
#798 = AXIS2_PLACEMENT_3D('',#799,#800,#801);
#799 = CARTESIAN_POINT('',(-51.1,-48.6,50.));
#800 = DIRECTION('',(0.,-1.,0.));
#801 = DIRECTION('',(1.,0.,0.));
#802 = ADVANCED_FACE('',(#803,#853),#856,.T.);
#803 = FACE_BOUND('',#804,.T.);
#804 = EDGE_LOOP('',(#805,#815,#823,#831,#839,#847));
#805 = ORIENTED_EDGE('',*,*,#806,.F.);
#806 = EDGE_CURVE('',#807,#809,#811,.T.);
#807 = VERTEX_POINT('',#808);
#808 = CARTESIAN_POINT('',(-49.5,47.,3.));
#809 = VERTEX_POINT('',#810);
#810 = CARTESIAN_POINT('',(-49.5,47.,47.));
#811 = LINE('',#812,#813);
#812 = CARTESIAN_POINT('',(-49.5,47.,0.));
#813 = VECTOR('',#814,1.);
#814 = DIRECTION('',(0.,0.,1.));
#815 = ORIENTED_EDGE('',*,*,#816,.T.);
#816 = EDGE_CURVE('',#807,#817,#819,.T.);
#817 = VERTEX_POINT('',#818);
#818 = CARTESIAN_POINT('',(-41.10043600223,47.,3.));
#819 = LINE('',#820,#821);
#820 = CARTESIAN_POINT('',(24.75,47.,3.));
#821 = VECTOR('',#822,1.);
#822 = DIRECTION('',(1.,0.,0.));
#823 = ORIENTED_EDGE('',*,*,#824,.T.);
#824 = EDGE_CURVE('',#817,#825,#827,.T.);
#825 = VERTEX_POINT('',#826);
#826 = CARTESIAN_POINT('',(29.599562757764,47.,3.));
#827 = LINE('',#828,#829);
#828 = CARTESIAN_POINT('',(24.75,47.,3.));
#829 = VECTOR('',#830,1.);
#830 = DIRECTION('',(1.,0.,0.));
#831 = ORIENTED_EDGE('',*,*,#832,.T.);
#832 = EDGE_CURVE('',#825,#833,#835,.T.);
#833 = VERTEX_POINT('',#834);
#834 = CARTESIAN_POINT('',(49.5,47.,3.));
#835 = LINE('',#836,#837);
#836 = CARTESIAN_POINT('',(24.75,47.,3.));
#837 = VECTOR('',#838,1.);
#838 = DIRECTION('',(1.,0.,0.));
#839 = ORIENTED_EDGE('',*,*,#840,.T.);
#840 = EDGE_CURVE('',#833,#841,#843,.T.);
#841 = VERTEX_POINT('',#842);
#842 = CARTESIAN_POINT('',(49.5,47.,47.));
#843 = LINE('',#844,#845);
#844 = CARTESIAN_POINT('',(49.5,47.,0.));
#845 = VECTOR('',#846,1.);
#846 = DIRECTION('',(0.,0.,1.));
#847 = ORIENTED_EDGE('',*,*,#848,.T.);
#848 = EDGE_CURVE('',#841,#809,#849,.T.);
#849 = LINE('',#850,#851);
#850 = CARTESIAN_POINT('',(24.75,47.,47.));
#851 = VECTOR('',#852,1.);
#852 = DIRECTION('',(-1.,0.,0.));
#853 = FACE_BOUND('',#854,.T.);
#854 = EDGE_LOOP('',(#855));
#855 = ORIENTED_EDGE('',*,*,#360,.T.);
#856 = PLANE('',#857);
#857 = AXIS2_PLACEMENT_3D('',#858,#859,#860);
#858 = CARTESIAN_POINT('',(49.5,47.,0.));
#859 = DIRECTION('',(0.,-1.,0.));
#860 = DIRECTION('',(-1.,0.,0.));
#861 = ADVANCED_FACE('',(#862,#872,#875,#909,#920,#954,#965,#976,#979,
    #990,#993,#1027),#1030,.T.);
#862 = FACE_BOUND('',#863,.T.);
#863 = EDGE_LOOP('',(#864,#865,#866,#867,#868,#869,#870,#871));
#864 = ORIENTED_EDGE('',*,*,#394,.F.);
#865 = ORIENTED_EDGE('',*,*,#418,.F.);
#866 = ORIENTED_EDGE('',*,*,#468,.F.);
#867 = ORIENTED_EDGE('',*,*,#516,.F.);
#868 = ORIENTED_EDGE('',*,*,#559,.F.);
#869 = ORIENTED_EDGE('',*,*,#541,.F.);
#870 = ORIENTED_EDGE('',*,*,#492,.F.);
#871 = ORIENTED_EDGE('',*,*,#443,.F.);
#872 = FACE_BOUND('',#873,.T.);
#873 = EDGE_LOOP('',(#874));
#874 = ORIENTED_EDGE('',*,*,#607,.T.);
#875 = FACE_BOUND('',#876,.T.);
#876 = EDGE_LOOP('',(#877,#887,#895,#903));
#877 = ORIENTED_EDGE('',*,*,#878,.F.);
#878 = EDGE_CURVE('',#879,#881,#883,.T.);
#879 = VERTEX_POINT('',#880);
#880 = CARTESIAN_POINT('',(23.832379,-42.061646,0.));
#881 = VERTEX_POINT('',#882);
#882 = CARTESIAN_POINT('',(23.832379,-29.061646,0.));
#883 = LINE('',#884,#885);
#884 = CARTESIAN_POINT('',(23.832379,-14.530823,0.));
#885 = VECTOR('',#886,1.);
#886 = DIRECTION('',(0.,1.,0.));
#887 = ORIENTED_EDGE('',*,*,#888,.F.);
#888 = EDGE_CURVE('',#889,#879,#891,.T.);
#889 = VERTEX_POINT('',#890);
#890 = CARTESIAN_POINT('',(43.032379,-42.061646,0.));
#891 = LINE('',#892,#893);
#892 = CARTESIAN_POINT('',(11.9161895,-42.061646,0.));
#893 = VECTOR('',#894,1.);
#894 = DIRECTION('',(-1.,0.,0.));
#895 = ORIENTED_EDGE('',*,*,#896,.F.);
#896 = EDGE_CURVE('',#897,#889,#899,.T.);
#897 = VERTEX_POINT('',#898);
#898 = CARTESIAN_POINT('',(43.032379,-29.061646,0.));
#899 = LINE('',#900,#901);
#900 = CARTESIAN_POINT('',(43.032379,-21.030823,0.));
#901 = VECTOR('',#902,1.);
#902 = DIRECTION('',(0.,-1.,0.));
#903 = ORIENTED_EDGE('',*,*,#904,.F.);
#904 = EDGE_CURVE('',#881,#897,#905,.T.);
#905 = LINE('',#906,#907);
#906 = CARTESIAN_POINT('',(21.5161895,-29.061646,0.));
#907 = VECTOR('',#908,1.);
#908 = DIRECTION('',(1.,0.,0.));
#909 = FACE_BOUND('',#910,.T.);
#910 = EDGE_LOOP('',(#911));
#911 = ORIENTED_EDGE('',*,*,#912,.T.);
#912 = EDGE_CURVE('',#913,#913,#915,.T.);
#913 = VERTEX_POINT('',#914);
#914 = CARTESIAN_POINT('',(11.45,-33.07,0.));
#915 = CIRCLE('',#916,1.);
#916 = AXIS2_PLACEMENT_3D('',#917,#918,#919);
#917 = CARTESIAN_POINT('',(10.45,-33.07,0.));
#918 = DIRECTION('',(0.,0.,1.));
#919 = DIRECTION('',(1.,0.,0.));
#920 = FACE_BOUND('',#921,.T.);
#921 = EDGE_LOOP('',(#922,#932,#940,#948));
#922 = ORIENTED_EDGE('',*,*,#923,.F.);
#923 = EDGE_CURVE('',#924,#926,#928,.T.);
#924 = VERTEX_POINT('',#925);
#925 = CARTESIAN_POINT('',(-23.76,-42.435,0.));
#926 = VERTEX_POINT('',#927);
#927 = CARTESIAN_POINT('',(-23.76,-23.965,0.));
#928 = LINE('',#929,#930);
#929 = CARTESIAN_POINT('',(-23.76,-11.9825,0.));
#930 = VECTOR('',#931,1.);
#931 = DIRECTION('',(0.,1.,0.));
#932 = ORIENTED_EDGE('',*,*,#933,.F.);
#933 = EDGE_CURVE('',#934,#924,#936,.T.);
#934 = VERTEX_POINT('',#935);
#935 = CARTESIAN_POINT('',(4.69,-42.435,0.));
#936 = LINE('',#937,#938);
#937 = CARTESIAN_POINT('',(-11.88,-42.435,0.));
#938 = VECTOR('',#939,1.);
#939 = DIRECTION('',(-1.,0.,0.));
#940 = ORIENTED_EDGE('',*,*,#941,.F.);
#941 = EDGE_CURVE('',#942,#934,#944,.T.);
#942 = VERTEX_POINT('',#943);
#943 = CARTESIAN_POINT('',(4.69,-23.965,0.));
#944 = LINE('',#945,#946);
#945 = CARTESIAN_POINT('',(4.69,-21.2175,0.));
#946 = VECTOR('',#947,1.);
#947 = DIRECTION('',(0.,-1.,0.));
#948 = ORIENTED_EDGE('',*,*,#949,.F.);
#949 = EDGE_CURVE('',#926,#942,#950,.T.);
#950 = LINE('',#951,#952);
#951 = CARTESIAN_POINT('',(2.345,-23.965,0.));
#952 = VECTOR('',#953,1.);
#953 = DIRECTION('',(1.,0.,0.));
#954 = FACE_BOUND('',#955,.T.);
#955 = EDGE_LOOP('',(#956));
#956 = ORIENTED_EDGE('',*,*,#957,.T.);
#957 = EDGE_CURVE('',#958,#958,#960,.T.);
#958 = VERTEX_POINT('',#959);
#959 = CARTESIAN_POINT('',(-24.88,-40.055,0.));
#960 = CIRCLE('',#961,1.5);
#961 = AXIS2_PLACEMENT_3D('',#962,#963,#964);
#962 = CARTESIAN_POINT('',(-26.38,-40.055,0.));
#963 = DIRECTION('',(0.,0.,1.));
#964 = DIRECTION('',(1.,0.,0.));
#965 = FACE_BOUND('',#966,.T.);
#966 = EDGE_LOOP('',(#967));
#967 = ORIENTED_EDGE('',*,*,#968,.T.);
#968 = EDGE_CURVE('',#969,#969,#971,.T.);
#969 = VERTEX_POINT('',#970);
#970 = CARTESIAN_POINT('',(-24.88,-33.07,0.));
#971 = CIRCLE('',#972,1.5);
#972 = AXIS2_PLACEMENT_3D('',#973,#974,#975);
#973 = CARTESIAN_POINT('',(-26.38,-33.07,0.));
#974 = DIRECTION('',(0.,0.,1.));
#975 = DIRECTION('',(1.,0.,0.));
#976 = FACE_BOUND('',#977,.T.);
#977 = EDGE_LOOP('',(#978));
#978 = ORIENTED_EDGE('',*,*,#582,.T.);
#979 = FACE_BOUND('',#980,.T.);
#980 = EDGE_LOOP('',(#981));
#981 = ORIENTED_EDGE('',*,*,#982,.T.);
#982 = EDGE_CURVE('',#983,#983,#985,.T.);
#983 = VERTEX_POINT('',#984);
#984 = CARTESIAN_POINT('',(-24.88,-26.085,0.));
#985 = CIRCLE('',#986,1.5);
#986 = AXIS2_PLACEMENT_3D('',#987,#988,#989);
#987 = CARTESIAN_POINT('',(-26.38,-26.085,0.));
#988 = DIRECTION('',(0.,0.,1.));
#989 = DIRECTION('',(1.,0.,0.));
#990 = FACE_BOUND('',#991,.T.);
#991 = EDGE_LOOP('',(#992));
#992 = ORIENTED_EDGE('',*,*,#669,.T.);
#993 = FACE_BOUND('',#994,.T.);
#994 = EDGE_LOOP('',(#995,#1005,#1013,#1021));
#995 = ORIENTED_EDGE('',*,*,#996,.F.);
#996 = EDGE_CURVE('',#997,#999,#1001,.T.);
#997 = VERTEX_POINT('',#998);
#998 = CARTESIAN_POINT('',(-41.10043600223,-3.74994908446,0.));
#999 = VERTEX_POINT('',#1000);
#1000 = CARTESIAN_POINT('',(-41.10043600223,47.06021037554,0.));
#1001 = LINE('',#1002,#1003);
#1002 = CARTESIAN_POINT('',(-41.10043600223,-3.74994908446,0.));
#1003 = VECTOR('',#1004,1.);
#1004 = DIRECTION('',(0.,1.,0.));
#1005 = ORIENTED_EDGE('',*,*,#1006,.F.);
#1006 = EDGE_CURVE('',#1007,#997,#1009,.T.);
#1007 = VERTEX_POINT('',#1008);
#1008 = CARTESIAN_POINT('',(29.599562757764,-3.74994908446,0.));
#1009 = LINE('',#1010,#1011);
#1010 = CARTESIAN_POINT('',(29.599562757764,-3.74994908446,0.));
#1011 = VECTOR('',#1012,1.);
#1012 = DIRECTION('',(-1.,0.,0.));
#1013 = ORIENTED_EDGE('',*,*,#1014,.F.);
#1014 = EDGE_CURVE('',#1015,#1007,#1017,.T.);
#1015 = VERTEX_POINT('',#1016);
#1016 = CARTESIAN_POINT('',(29.599562757764,47.06021037554,0.));
#1017 = LINE('',#1018,#1019);
#1018 = CARTESIAN_POINT('',(29.599562757764,47.06021037554,0.));
#1019 = VECTOR('',#1020,1.);
#1020 = DIRECTION('',(0.,-1.,0.));
#1021 = ORIENTED_EDGE('',*,*,#1022,.F.);
#1022 = EDGE_CURVE('',#999,#1015,#1023,.T.);
#1023 = LINE('',#1024,#1025);
#1024 = CARTESIAN_POINT('',(-41.10043600223,47.06021037554,0.));
#1025 = VECTOR('',#1026,1.);
#1026 = DIRECTION('',(1.,0.,0.));
#1027 = FACE_BOUND('',#1028,.T.);
#1028 = EDGE_LOOP('',(#1029));
#1029 = ORIENTED_EDGE('',*,*,#632,.T.);
#1030 = PLANE('',#1031);
#1031 = AXIS2_PLACEMENT_3D('',#1032,#1033,#1034);
#1032 = CARTESIAN_POINT('',(-1.E-17,-4.3E-16,0.));
#1033 = DIRECTION('',(-0.,-0.,-1.));
#1034 = DIRECTION('',(-1.,0.,0.));
#1035 = ADVANCED_FACE('',(#1036,#1061,#1095),#1098,.T.);
#1036 = FACE_BOUND('',#1037,.T.);
#1037 = EDGE_LOOP('',(#1038,#1039,#1047,#1055));
#1038 = ORIENTED_EDGE('',*,*,#840,.F.);
#1039 = ORIENTED_EDGE('',*,*,#1040,.T.);
#1040 = EDGE_CURVE('',#833,#1041,#1043,.T.);
#1041 = VERTEX_POINT('',#1042);
#1042 = CARTESIAN_POINT('',(49.5,-47.,3.));
#1043 = LINE('',#1044,#1045);
#1044 = CARTESIAN_POINT('',(49.5,-23.5,3.));
#1045 = VECTOR('',#1046,1.);
#1046 = DIRECTION('',(0.,-1.,0.));
#1047 = ORIENTED_EDGE('',*,*,#1048,.T.);
#1048 = EDGE_CURVE('',#1041,#1049,#1051,.T.);
#1049 = VERTEX_POINT('',#1050);
#1050 = CARTESIAN_POINT('',(49.5,-47.,47.));
#1051 = LINE('',#1052,#1053);
#1052 = CARTESIAN_POINT('',(49.5,-47.,0.));
#1053 = VECTOR('',#1054,1.);
#1054 = DIRECTION('',(0.,0.,1.));
#1055 = ORIENTED_EDGE('',*,*,#1056,.T.);
#1056 = EDGE_CURVE('',#1049,#841,#1057,.T.);
#1057 = LINE('',#1058,#1059);
#1058 = CARTESIAN_POINT('',(49.5,-23.5,47.));
#1059 = VECTOR('',#1060,1.);
#1060 = DIRECTION('',(0.,1.,0.));
#1061 = FACE_BOUND('',#1062,.T.);
#1062 = EDGE_LOOP('',(#1063,#1073,#1081,#1089));
#1063 = ORIENTED_EDGE('',*,*,#1064,.F.);
#1064 = EDGE_CURVE('',#1065,#1067,#1069,.T.);
#1065 = VERTEX_POINT('',#1066);
#1066 = CARTESIAN_POINT('',(49.5,10.,43.8));
#1067 = VERTEX_POINT('',#1068);
#1068 = CARTESIAN_POINT('',(49.5,-10.,43.8));
#1069 = LINE('',#1070,#1071);
#1070 = CARTESIAN_POINT('',(49.5,10.,43.8));
#1071 = VECTOR('',#1072,1.);
#1072 = DIRECTION('',(2.2E-16,-1.,0.));
#1073 = ORIENTED_EDGE('',*,*,#1074,.F.);
#1074 = EDGE_CURVE('',#1075,#1065,#1077,.T.);
#1075 = VERTEX_POINT('',#1076);
#1076 = CARTESIAN_POINT('',(49.5,10.,45.5));
#1077 = LINE('',#1078,#1079);
#1078 = CARTESIAN_POINT('',(49.5,10.,45.5));
#1079 = VECTOR('',#1080,1.);
#1080 = DIRECTION('',(2.2E-16,0.,-1.));
#1081 = ORIENTED_EDGE('',*,*,#1082,.F.);
#1082 = EDGE_CURVE('',#1083,#1075,#1085,.T.);
#1083 = VERTEX_POINT('',#1084);
#1084 = CARTESIAN_POINT('',(49.5,-10.,45.5));
#1085 = LINE('',#1086,#1087);
#1086 = CARTESIAN_POINT('',(49.5,-10.,45.5));
#1087 = VECTOR('',#1088,1.);
#1088 = DIRECTION('',(-2.2E-16,1.,0.));
#1089 = ORIENTED_EDGE('',*,*,#1090,.F.);
#1090 = EDGE_CURVE('',#1067,#1083,#1091,.T.);
#1091 = LINE('',#1092,#1093);
#1092 = CARTESIAN_POINT('',(49.5,-10.,43.8));
#1093 = VECTOR('',#1094,1.);
#1094 = DIRECTION('',(-2.2E-16,0.,1.));
#1095 = FACE_BOUND('',#1096,.T.);
#1096 = EDGE_LOOP('',(#1097));
#1097 = ORIENTED_EDGE('',*,*,#695,.T.);
#1098 = PLANE('',#1099);
#1099 = AXIS2_PLACEMENT_3D('',#1100,#1101,#1102);
#1100 = CARTESIAN_POINT('',(49.5,-47.,0.));
#1101 = DIRECTION('',(-1.,0.,0.));
#1102 = DIRECTION('',(0.,1.,0.));
#1103 = ADVANCED_FACE('',(#1104,#1110),#1128,.T.);
#1104 = FACE_BOUND('',#1105,.T.);
#1105 = EDGE_LOOP('',(#1106,#1107,#1108,#1109));
#1106 = ORIENTED_EDGE('',*,*,#718,.T.);
#1107 = ORIENTED_EDGE('',*,*,#742,.T.);
#1108 = ORIENTED_EDGE('',*,*,#766,.T.);
#1109 = ORIENTED_EDGE('',*,*,#790,.T.);
#1110 = FACE_BOUND('',#1111,.T.);
#1111 = EDGE_LOOP('',(#1112,#1120,#1121,#1122));
#1112 = ORIENTED_EDGE('',*,*,#1113,.F.);
#1113 = EDGE_CURVE('',#809,#1114,#1116,.T.);
#1114 = VERTEX_POINT('',#1115);
#1115 = CARTESIAN_POINT('',(-49.5,-47.,47.));
#1116 = LINE('',#1117,#1118);
#1117 = CARTESIAN_POINT('',(-49.5,23.5,47.));
#1118 = VECTOR('',#1119,1.);
#1119 = DIRECTION('',(0.,-1.,0.));
#1120 = ORIENTED_EDGE('',*,*,#848,.F.);
#1121 = ORIENTED_EDGE('',*,*,#1056,.F.);
#1122 = ORIENTED_EDGE('',*,*,#1123,.F.);
#1123 = EDGE_CURVE('',#1114,#1049,#1124,.T.);
#1124 = LINE('',#1125,#1126);
#1125 = CARTESIAN_POINT('',(-24.75,-47.,47.));
#1126 = VECTOR('',#1127,1.);
#1127 = DIRECTION('',(1.,0.,0.));
#1128 = PLANE('',#1129);
#1129 = AXIS2_PLACEMENT_3D('',#1130,#1131,#1132);
#1130 = CARTESIAN_POINT('',(0.,0.,47.));
#1131 = DIRECTION('',(0.,0.,1.));
#1132 = DIRECTION('',(1.,0.,0.));
#1133 = ADVANCED_FACE('',(#1134,#1152),#1186,.T.);
#1134 = FACE_BOUND('',#1135,.T.);
#1135 = EDGE_LOOP('',(#1136,#1144,#1150,#1151));
#1136 = ORIENTED_EDGE('',*,*,#1137,.F.);
#1137 = EDGE_CURVE('',#1138,#1114,#1140,.T.);
#1138 = VERTEX_POINT('',#1139);
#1139 = CARTESIAN_POINT('',(-49.5,-47.,3.));
#1140 = LINE('',#1141,#1142);
#1141 = CARTESIAN_POINT('',(-49.5,-47.,0.));
#1142 = VECTOR('',#1143,1.);
#1143 = DIRECTION('',(0.,0.,1.));
#1144 = ORIENTED_EDGE('',*,*,#1145,.T.);
#1145 = EDGE_CURVE('',#1138,#807,#1146,.T.);
#1146 = LINE('',#1147,#1148);
#1147 = CARTESIAN_POINT('',(-49.5,23.5,3.));
#1148 = VECTOR('',#1149,1.);
#1149 = DIRECTION('',(0.,1.,0.));
#1150 = ORIENTED_EDGE('',*,*,#806,.T.);
#1151 = ORIENTED_EDGE('',*,*,#1113,.T.);
#1152 = FACE_BOUND('',#1153,.T.);
#1153 = EDGE_LOOP('',(#1154,#1164,#1172,#1180));
#1154 = ORIENTED_EDGE('',*,*,#1155,.T.);
#1155 = EDGE_CURVE('',#1156,#1158,#1160,.T.);
#1156 = VERTEX_POINT('',#1157);
#1157 = CARTESIAN_POINT('',(-49.5,10.,45.5));
#1158 = VERTEX_POINT('',#1159);
#1159 = CARTESIAN_POINT('',(-49.5,10.,43.8));
#1160 = LINE('',#1161,#1162);
#1161 = CARTESIAN_POINT('',(-49.5,10.,45.5));
#1162 = VECTOR('',#1163,1.);
#1163 = DIRECTION('',(0.,0.,-1.));
#1164 = ORIENTED_EDGE('',*,*,#1165,.T.);
#1165 = EDGE_CURVE('',#1158,#1166,#1168,.T.);
#1166 = VERTEX_POINT('',#1167);
#1167 = CARTESIAN_POINT('',(-49.5,-10.,43.8));
#1168 = LINE('',#1169,#1170);
#1169 = CARTESIAN_POINT('',(-49.5,10.,43.8));
#1170 = VECTOR('',#1171,1.);
#1171 = DIRECTION('',(0.,-1.,0.));
#1172 = ORIENTED_EDGE('',*,*,#1173,.T.);
#1173 = EDGE_CURVE('',#1166,#1174,#1176,.T.);
#1174 = VERTEX_POINT('',#1175);
#1175 = CARTESIAN_POINT('',(-49.5,-10.,45.5));
#1176 = LINE('',#1177,#1178);
#1177 = CARTESIAN_POINT('',(-49.5,-10.,43.8));
#1178 = VECTOR('',#1179,1.);
#1179 = DIRECTION('',(0.,0.,1.));
#1180 = ORIENTED_EDGE('',*,*,#1181,.T.);
#1181 = EDGE_CURVE('',#1174,#1156,#1182,.T.);
#1182 = LINE('',#1183,#1184);
#1183 = CARTESIAN_POINT('',(-49.5,-10.,45.5));
#1184 = VECTOR('',#1185,1.);
#1185 = DIRECTION('',(0.,1.,0.));
#1186 = PLANE('',#1187);
#1187 = AXIS2_PLACEMENT_3D('',#1188,#1189,#1190);
#1188 = CARTESIAN_POINT('',(-49.5,47.,0.));
#1189 = DIRECTION('',(1.,0.,0.));
#1190 = DIRECTION('',(0.,-1.,0.));
#1191 = ADVANCED_FACE('',(#1192,#1258,#1292,#1326,#1360,#1394,#1428,
    #1462,#1496),#1530,.T.);
#1192 = FACE_BOUND('',#1193,.T.);
#1193 = EDGE_LOOP('',(#1194,#1195,#1201,#1202,#1203,#1211,#1219,#1227,
    #1235,#1243,#1251,#1257));
#1194 = ORIENTED_EDGE('',*,*,#1145,.F.);
#1195 = ORIENTED_EDGE('',*,*,#1196,.F.);
#1196 = EDGE_CURVE('',#1041,#1138,#1197,.T.);
#1197 = LINE('',#1198,#1199);
#1198 = CARTESIAN_POINT('',(-24.75,-47.,3.));
#1199 = VECTOR('',#1200,1.);
#1200 = DIRECTION('',(-1.,0.,0.));
#1201 = ORIENTED_EDGE('',*,*,#1040,.F.);
#1202 = ORIENTED_EDGE('',*,*,#832,.F.);
#1203 = ORIENTED_EDGE('',*,*,#1204,.T.);
#1204 = EDGE_CURVE('',#825,#1205,#1207,.T.);
#1205 = VERTEX_POINT('',#1206);
#1206 = CARTESIAN_POINT('',(29.599562757764,39.,3.));
#1207 = LINE('',#1208,#1209);
#1208 = CARTESIAN_POINT('',(29.599562757764,2.37502545777,3.));
#1209 = VECTOR('',#1210,1.);
#1210 = DIRECTION('',(0.,-1.,0.));
#1211 = ORIENTED_EDGE('',*,*,#1212,.F.);
#1212 = EDGE_CURVE('',#1213,#1205,#1215,.T.);
#1213 = VERTEX_POINT('',#1214);
#1214 = CARTESIAN_POINT('',(30.599562757764,39.,3.));
#1215 = LINE('',#1216,#1217);
#1216 = CARTESIAN_POINT('',(30.599562757764,39.,3.));
#1217 = VECTOR('',#1218,1.);
#1218 = DIRECTION('',(-1.,0.,0.));
#1219 = ORIENTED_EDGE('',*,*,#1220,.F.);
#1220 = EDGE_CURVE('',#1221,#1213,#1223,.T.);
#1221 = VERTEX_POINT('',#1222);
#1222 = CARTESIAN_POINT('',(30.599562757764,9.,3.));
#1223 = LINE('',#1224,#1225);
#1224 = CARTESIAN_POINT('',(30.599562757764,9.,3.));
#1225 = VECTOR('',#1226,1.);
#1226 = DIRECTION('',(0.,1.,0.));
#1227 = ORIENTED_EDGE('',*,*,#1228,.F.);
#1228 = EDGE_CURVE('',#1229,#1221,#1231,.T.);
#1229 = VERTEX_POINT('',#1230);
#1230 = CARTESIAN_POINT('',(29.599562757764,9.,3.));
#1231 = LINE('',#1232,#1233);
#1232 = CARTESIAN_POINT('',(29.599562757764,9.,3.));
#1233 = VECTOR('',#1234,1.);
#1234 = DIRECTION('',(1.,0.,0.));
#1235 = ORIENTED_EDGE('',*,*,#1236,.T.);
#1236 = EDGE_CURVE('',#1229,#1237,#1239,.T.);
#1237 = VERTEX_POINT('',#1238);
#1238 = CARTESIAN_POINT('',(29.599562757764,-3.74994908446,3.));
#1239 = LINE('',#1240,#1241);
#1240 = CARTESIAN_POINT('',(29.599562757764,2.37502545777,3.));
#1241 = VECTOR('',#1242,1.);
#1242 = DIRECTION('',(0.,-1.,0.));
#1243 = ORIENTED_EDGE('',*,*,#1244,.T.);
#1244 = EDGE_CURVE('',#1237,#1245,#1247,.T.);
#1245 = VERTEX_POINT('',#1246);
#1246 = CARTESIAN_POINT('',(-41.10043600223,-3.74994908446,3.));
#1247 = LINE('',#1248,#1249);
#1248 = CARTESIAN_POINT('',(14.799781378882,-3.74994908446,3.));
#1249 = VECTOR('',#1250,1.);
#1250 = DIRECTION('',(-1.,0.,0.));
#1251 = ORIENTED_EDGE('',*,*,#1252,.T.);
#1252 = EDGE_CURVE('',#1245,#817,#1253,.T.);
#1253 = LINE('',#1254,#1255);
#1254 = CARTESIAN_POINT('',(-41.10043600223,-1.87497454223,3.));
#1255 = VECTOR('',#1256,1.);
#1256 = DIRECTION('',(0.,1.,0.));
#1257 = ORIENTED_EDGE('',*,*,#816,.F.);
#1258 = FACE_BOUND('',#1259,.T.);
#1259 = EDGE_LOOP('',(#1260,#1270,#1278,#1286));
#1260 = ORIENTED_EDGE('',*,*,#1261,.F.);
#1261 = EDGE_CURVE('',#1262,#1264,#1266,.T.);
#1262 = VERTEX_POINT('',#1263);
#1263 = CARTESIAN_POINT('',(-34.5,-21.,3.));
#1264 = VERTEX_POINT('',#1265);
#1265 = CARTESIAN_POINT('',(-34.5,-45.,3.));
#1266 = LINE('',#1267,#1268);
#1267 = CARTESIAN_POINT('',(-34.5,-21.,3.));
#1268 = VECTOR('',#1269,1.);
#1269 = DIRECTION('',(0.,-1.,0.));
#1270 = ORIENTED_EDGE('',*,*,#1271,.F.);
#1271 = EDGE_CURVE('',#1272,#1262,#1274,.T.);
#1272 = VERTEX_POINT('',#1273);
#1273 = CARTESIAN_POINT('',(17.5,-21.,3.));
#1274 = LINE('',#1275,#1276);
#1275 = CARTESIAN_POINT('',(17.5,-21.,3.));
#1276 = VECTOR('',#1277,1.);
#1277 = DIRECTION('',(-1.,0.,0.));
#1278 = ORIENTED_EDGE('',*,*,#1279,.F.);
#1279 = EDGE_CURVE('',#1280,#1272,#1282,.T.);
#1280 = VERTEX_POINT('',#1281);
#1281 = CARTESIAN_POINT('',(17.5,-45.,3.));
#1282 = LINE('',#1283,#1284);
#1283 = CARTESIAN_POINT('',(17.5,-45.,3.));
#1284 = VECTOR('',#1285,1.);
#1285 = DIRECTION('',(0.,1.,0.));
#1286 = ORIENTED_EDGE('',*,*,#1287,.F.);
#1287 = EDGE_CURVE('',#1264,#1280,#1288,.T.);
#1288 = LINE('',#1289,#1290);
#1289 = CARTESIAN_POINT('',(-34.5,-45.,3.));
#1290 = VECTOR('',#1291,1.);
#1291 = DIRECTION('',(1.,0.,0.));
#1292 = FACE_BOUND('',#1293,.T.);
#1293 = EDGE_LOOP('',(#1294,#1304,#1312,#1320));
#1294 = ORIENTED_EDGE('',*,*,#1295,.F.);
#1295 = EDGE_CURVE('',#1296,#1298,#1300,.T.);
#1296 = VERTEX_POINT('',#1297);
#1297 = CARTESIAN_POINT('',(23.832379,-29.061646,3.));
#1298 = VERTEX_POINT('',#1299);
#1299 = CARTESIAN_POINT('',(23.832379,-42.061646,3.));
#1300 = LINE('',#1301,#1302);
#1301 = CARTESIAN_POINT('',(23.832379,-29.061646,3.));
#1302 = VECTOR('',#1303,1.);
#1303 = DIRECTION('',(0.,-1.,0.));
#1304 = ORIENTED_EDGE('',*,*,#1305,.F.);
#1305 = EDGE_CURVE('',#1306,#1296,#1308,.T.);
#1306 = VERTEX_POINT('',#1307);
#1307 = CARTESIAN_POINT('',(43.032379,-29.061646,3.));
#1308 = LINE('',#1309,#1310);
#1309 = CARTESIAN_POINT('',(43.032379,-29.061646,3.));
#1310 = VECTOR('',#1311,1.);
#1311 = DIRECTION('',(-1.,0.,0.));
#1312 = ORIENTED_EDGE('',*,*,#1313,.F.);
#1313 = EDGE_CURVE('',#1314,#1306,#1316,.T.);
#1314 = VERTEX_POINT('',#1315);
#1315 = CARTESIAN_POINT('',(43.032379,-42.061646,3.));
#1316 = LINE('',#1317,#1318);
#1317 = CARTESIAN_POINT('',(43.032379,-42.061646,3.));
#1318 = VECTOR('',#1319,1.);
#1319 = DIRECTION('',(0.,1.,0.));
#1320 = ORIENTED_EDGE('',*,*,#1321,.F.);
#1321 = EDGE_CURVE('',#1298,#1314,#1322,.T.);
#1322 = LINE('',#1323,#1324);
#1323 = CARTESIAN_POINT('',(23.832379,-42.061646,3.));
#1324 = VECTOR('',#1325,1.);
#1325 = DIRECTION('',(1.,0.,0.));
#1326 = FACE_BOUND('',#1327,.T.);
#1327 = EDGE_LOOP('',(#1328,#1338,#1346,#1354));
#1328 = ORIENTED_EDGE('',*,*,#1329,.F.);
#1329 = EDGE_CURVE('',#1330,#1332,#1334,.T.);
#1330 = VERTEX_POINT('',#1331);
#1331 = CARTESIAN_POINT('',(24.2465076,-26.78729906298,3.));
#1332 = VERTEX_POINT('',#1333);
#1333 = CARTESIAN_POINT('',(39.2465076,-26.78729906298,3.));
#1334 = LINE('',#1335,#1336);
#1335 = CARTESIAN_POINT('',(24.2465076,-26.78729906298,3.));
#1336 = VECTOR('',#1337,1.);
#1337 = DIRECTION('',(1.,0.,0.));
#1338 = ORIENTED_EDGE('',*,*,#1339,.F.);
#1339 = EDGE_CURVE('',#1340,#1330,#1342,.T.);
#1340 = VERTEX_POINT('',#1341);
#1341 = CARTESIAN_POINT('',(24.2465076,-20.78729906298,3.));
#1342 = LINE('',#1343,#1344);
#1343 = CARTESIAN_POINT('',(24.2465076,-20.78729906298,3.));
#1344 = VECTOR('',#1345,1.);
#1345 = DIRECTION('',(0.,-1.,0.));
#1346 = ORIENTED_EDGE('',*,*,#1347,.F.);
#1347 = EDGE_CURVE('',#1348,#1340,#1350,.T.);
#1348 = VERTEX_POINT('',#1349);
#1349 = CARTESIAN_POINT('',(39.2465076,-20.78729906298,3.));
#1350 = LINE('',#1351,#1352);
#1351 = CARTESIAN_POINT('',(39.2465076,-20.78729906298,3.));
#1352 = VECTOR('',#1353,1.);
#1353 = DIRECTION('',(-1.,0.,0.));
#1354 = ORIENTED_EDGE('',*,*,#1355,.F.);
#1355 = EDGE_CURVE('',#1332,#1348,#1356,.T.);
#1356 = LINE('',#1357,#1358);
#1357 = CARTESIAN_POINT('',(39.2465076,-26.78729906298,3.));
#1358 = VECTOR('',#1359,1.);
#1359 = DIRECTION('',(0.,1.,0.));
#1360 = FACE_BOUND('',#1361,.T.);
#1361 = EDGE_LOOP('',(#1362,#1372,#1380,#1388));
#1362 = ORIENTED_EDGE('',*,*,#1363,.T.);
#1363 = EDGE_CURVE('',#1364,#1366,#1368,.T.);
#1364 = VERTEX_POINT('',#1365);
#1365 = CARTESIAN_POINT('',(39.2465076,-5.787299062989,3.));
#1366 = VERTEX_POINT('',#1367);
#1367 = CARTESIAN_POINT('',(39.2465076,-11.78729906298,3.));
#1368 = LINE('',#1369,#1370);
#1369 = CARTESIAN_POINT('',(39.2465076,-5.787299062989,3.));
#1370 = VECTOR('',#1371,1.);
#1371 = DIRECTION('',(0.,-1.,0.));
#1372 = ORIENTED_EDGE('',*,*,#1373,.T.);
#1373 = EDGE_CURVE('',#1366,#1374,#1376,.T.);
#1374 = VERTEX_POINT('',#1375);
#1375 = CARTESIAN_POINT('',(24.2465076,-11.78729906298,3.));
#1376 = LINE('',#1377,#1378);
#1377 = CARTESIAN_POINT('',(39.2465076,-11.78729906298,3.));
#1378 = VECTOR('',#1379,1.);
#1379 = DIRECTION('',(-1.,0.,0.));
#1380 = ORIENTED_EDGE('',*,*,#1381,.T.);
#1381 = EDGE_CURVE('',#1374,#1382,#1384,.T.);
#1382 = VERTEX_POINT('',#1383);
#1383 = CARTESIAN_POINT('',(24.2465076,-5.787299062989,3.));
#1384 = LINE('',#1385,#1386);
#1385 = CARTESIAN_POINT('',(24.2465076,-11.78729906298,3.));
#1386 = VECTOR('',#1387,1.);
#1387 = DIRECTION('',(0.,1.,0.));
#1388 = ORIENTED_EDGE('',*,*,#1389,.T.);
#1389 = EDGE_CURVE('',#1382,#1364,#1390,.T.);
#1390 = LINE('',#1391,#1392);
#1391 = CARTESIAN_POINT('',(24.2465076,-5.787299062989,3.));
#1392 = VECTOR('',#1393,1.);
#1393 = DIRECTION('',(1.,0.,0.));
#1394 = FACE_BOUND('',#1395,.T.);
#1395 = EDGE_LOOP('',(#1396,#1406,#1414,#1422));
#1396 = ORIENTED_EDGE('',*,*,#1397,.F.);
#1397 = EDGE_CURVE('',#1398,#1400,#1402,.T.);
#1398 = VERTEX_POINT('',#1399);
#1399 = CARTESIAN_POINT('',(-47.99999672,-2.2500008,3.));
#1400 = VERTEX_POINT('',#1401);
#1401 = CARTESIAN_POINT('',(-41.99999672,-2.2500008,3.));
#1402 = LINE('',#1403,#1404);
#1403 = CARTESIAN_POINT('',(-47.99999672,-2.2500008,3.));
#1404 = VECTOR('',#1405,1.);
#1405 = DIRECTION('',(1.,0.,0.));
#1406 = ORIENTED_EDGE('',*,*,#1407,.F.);
#1407 = EDGE_CURVE('',#1408,#1398,#1410,.T.);
#1408 = VERTEX_POINT('',#1409);
#1409 = CARTESIAN_POINT('',(-47.99999672,3.7499992,3.));
#1410 = LINE('',#1411,#1412);
#1411 = CARTESIAN_POINT('',(-47.99999672,3.7499992,3.));
#1412 = VECTOR('',#1413,1.);
#1413 = DIRECTION('',(0.,-1.,0.));
#1414 = ORIENTED_EDGE('',*,*,#1415,.F.);
#1415 = EDGE_CURVE('',#1416,#1408,#1418,.T.);
#1416 = VERTEX_POINT('',#1417);
#1417 = CARTESIAN_POINT('',(-41.99999672,3.7499992,3.));
#1418 = LINE('',#1419,#1420);
#1419 = CARTESIAN_POINT('',(-41.99999672,3.7499992,3.));
#1420 = VECTOR('',#1421,1.);
#1421 = DIRECTION('',(-1.,0.,0.));
#1422 = ORIENTED_EDGE('',*,*,#1423,.F.);
#1423 = EDGE_CURVE('',#1400,#1416,#1424,.T.);
#1424 = LINE('',#1425,#1426);
#1425 = CARTESIAN_POINT('',(-41.99999672,-2.2500008,3.));
#1426 = VECTOR('',#1427,1.);
#1427 = DIRECTION('',(0.,1.,0.));
#1428 = FACE_BOUND('',#1429,.T.);
#1429 = EDGE_LOOP('',(#1430,#1440,#1448,#1456));
#1430 = ORIENTED_EDGE('',*,*,#1431,.F.);
#1431 = EDGE_CURVE('',#1432,#1434,#1436,.T.);
#1432 = VERTEX_POINT('',#1433);
#1433 = CARTESIAN_POINT('',(-47.99999672,39.74999902,3.));
#1434 = VERTEX_POINT('',#1435);
#1435 = CARTESIAN_POINT('',(-41.99999672,39.74999902,3.));
#1436 = LINE('',#1437,#1438);
#1437 = CARTESIAN_POINT('',(-47.99999672,39.74999902,3.));
#1438 = VECTOR('',#1439,1.);
#1439 = DIRECTION('',(1.,0.,0.));
#1440 = ORIENTED_EDGE('',*,*,#1441,.F.);
#1441 = EDGE_CURVE('',#1442,#1432,#1444,.T.);
#1442 = VERTEX_POINT('',#1443);
#1443 = CARTESIAN_POINT('',(-47.99999672,45.74999902,3.));
#1444 = LINE('',#1445,#1446);
#1445 = CARTESIAN_POINT('',(-47.99999672,45.74999902,3.));
#1446 = VECTOR('',#1447,1.);
#1447 = DIRECTION('',(0.,-1.,0.));
#1448 = ORIENTED_EDGE('',*,*,#1449,.F.);
#1449 = EDGE_CURVE('',#1450,#1442,#1452,.T.);
#1450 = VERTEX_POINT('',#1451);
#1451 = CARTESIAN_POINT('',(-41.99999672,45.74999902,3.));
#1452 = LINE('',#1453,#1454);
#1453 = CARTESIAN_POINT('',(-41.99999672,45.74999902,3.));
#1454 = VECTOR('',#1455,1.);
#1455 = DIRECTION('',(-1.,0.,0.));
#1456 = ORIENTED_EDGE('',*,*,#1457,.F.);
#1457 = EDGE_CURVE('',#1434,#1450,#1458,.T.);
#1458 = LINE('',#1459,#1460);
#1459 = CARTESIAN_POINT('',(-41.99999672,39.74999902,3.));
#1460 = VECTOR('',#1461,1.);
#1461 = DIRECTION('',(0.,1.,0.));
#1462 = FACE_BOUND('',#1463,.T.);
#1463 = EDGE_LOOP('',(#1464,#1474,#1482,#1490));
#1464 = ORIENTED_EDGE('',*,*,#1465,.F.);
#1465 = EDGE_CURVE('',#1466,#1468,#1470,.T.);
#1466 = VERTEX_POINT('',#1467);
#1467 = CARTESIAN_POINT('',(29.99999714,-2.2500008,3.));
#1468 = VERTEX_POINT('',#1469);
#1469 = CARTESIAN_POINT('',(35.99999714,-2.2500008,3.));
#1470 = LINE('',#1471,#1472);
#1471 = CARTESIAN_POINT('',(29.99999714,-2.2500008,3.));
#1472 = VECTOR('',#1473,1.);
#1473 = DIRECTION('',(1.,0.,0.));
#1474 = ORIENTED_EDGE('',*,*,#1475,.F.);
#1475 = EDGE_CURVE('',#1476,#1466,#1478,.T.);
#1476 = VERTEX_POINT('',#1477);
#1477 = CARTESIAN_POINT('',(29.99999714,3.7499992,3.));
#1478 = LINE('',#1479,#1480);
#1479 = CARTESIAN_POINT('',(29.99999714,3.7499992,3.));
#1480 = VECTOR('',#1481,1.);
#1481 = DIRECTION('',(0.,-1.,0.));
#1482 = ORIENTED_EDGE('',*,*,#1483,.F.);
#1483 = EDGE_CURVE('',#1484,#1476,#1486,.T.);
#1484 = VERTEX_POINT('',#1485);
#1485 = CARTESIAN_POINT('',(35.99999714,3.7499992,3.));
#1486 = LINE('',#1487,#1488);
#1487 = CARTESIAN_POINT('',(35.99999714,3.7499992,3.));
#1488 = VECTOR('',#1489,1.);
#1489 = DIRECTION('',(-1.,0.,0.));
#1490 = ORIENTED_EDGE('',*,*,#1491,.F.);
#1491 = EDGE_CURVE('',#1468,#1484,#1492,.T.);
#1492 = LINE('',#1493,#1494);
#1493 = CARTESIAN_POINT('',(35.99999714,-2.2500008,3.));
#1494 = VECTOR('',#1495,1.);
#1495 = DIRECTION('',(0.,1.,0.));
#1496 = FACE_BOUND('',#1497,.T.);
#1497 = EDGE_LOOP('',(#1498,#1508,#1516,#1524));
#1498 = ORIENTED_EDGE('',*,*,#1499,.F.);
#1499 = EDGE_CURVE('',#1500,#1502,#1504,.T.);
#1500 = VERTEX_POINT('',#1501);
#1501 = CARTESIAN_POINT('',(29.99999714,39.74999902,3.));
#1502 = VERTEX_POINT('',#1503);
#1503 = CARTESIAN_POINT('',(35.99999714,39.74999902,3.));
#1504 = LINE('',#1505,#1506);
#1505 = CARTESIAN_POINT('',(29.99999714,39.74999902,3.));
#1506 = VECTOR('',#1507,1.);
#1507 = DIRECTION('',(1.,0.,0.));
#1508 = ORIENTED_EDGE('',*,*,#1509,.F.);
#1509 = EDGE_CURVE('',#1510,#1500,#1512,.T.);
#1510 = VERTEX_POINT('',#1511);
#1511 = CARTESIAN_POINT('',(29.99999714,45.74999902,3.));
#1512 = LINE('',#1513,#1514);
#1513 = CARTESIAN_POINT('',(29.99999714,45.74999902,3.));
#1514 = VECTOR('',#1515,1.);
#1515 = DIRECTION('',(0.,-1.,0.));
#1516 = ORIENTED_EDGE('',*,*,#1517,.F.);
#1517 = EDGE_CURVE('',#1518,#1510,#1520,.T.);
#1518 = VERTEX_POINT('',#1519);
#1519 = CARTESIAN_POINT('',(35.99999714,45.74999902,3.));
#1520 = LINE('',#1521,#1522);
#1521 = CARTESIAN_POINT('',(35.99999714,45.74999902,3.));
#1522 = VECTOR('',#1523,1.);
#1523 = DIRECTION('',(-1.,0.,0.));
#1524 = ORIENTED_EDGE('',*,*,#1525,.F.);
#1525 = EDGE_CURVE('',#1502,#1518,#1526,.T.);
#1526 = LINE('',#1527,#1528);
#1527 = CARTESIAN_POINT('',(35.99999714,39.74999902,3.));
#1528 = VECTOR('',#1529,1.);
#1529 = DIRECTION('',(0.,1.,0.));
#1530 = PLANE('',#1531);
#1531 = AXIS2_PLACEMENT_3D('',#1532,#1533,#1534);
#1532 = CARTESIAN_POINT('',(1.E-17,-5.87E-15,3.));
#1533 = DIRECTION('',(0.,0.,1.));
#1534 = DIRECTION('',(1.,0.,0.));
#1535 = ADVANCED_FACE('',(#1536),#1561,.F.);
#1536 = FACE_BOUND('',#1537,.F.);
#1537 = EDGE_LOOP('',(#1538,#1546,#1547,#1555));
#1538 = ORIENTED_EDGE('',*,*,#1539,.F.);
#1539 = EDGE_CURVE('',#817,#1540,#1542,.T.);
#1540 = VERTEX_POINT('',#1541);
#1541 = CARTESIAN_POINT('',(-41.10043600223,47.06021037554,3.));
#1542 = LINE('',#1543,#1544);
#1543 = CARTESIAN_POINT('',(-41.10043600223,-1.87497454223,3.));
#1544 = VECTOR('',#1545,1.);
#1545 = DIRECTION('',(0.,1.,0.));
#1546 = ORIENTED_EDGE('',*,*,#824,.T.);
#1547 = ORIENTED_EDGE('',*,*,#1548,.F.);
#1548 = EDGE_CURVE('',#1549,#825,#1551,.T.);
#1549 = VERTEX_POINT('',#1550);
#1550 = CARTESIAN_POINT('',(29.599562757764,47.06021037554,3.));
#1551 = LINE('',#1552,#1553);
#1552 = CARTESIAN_POINT('',(29.599562757764,2.37502545777,3.));
#1553 = VECTOR('',#1554,1.);
#1554 = DIRECTION('',(0.,-1.,0.));
#1555 = ORIENTED_EDGE('',*,*,#1556,.F.);
#1556 = EDGE_CURVE('',#1540,#1549,#1557,.T.);
#1557 = LINE('',#1558,#1559);
#1558 = CARTESIAN_POINT('',(-20.55021800111,47.06021037554,3.));
#1559 = VECTOR('',#1560,1.);
#1560 = DIRECTION('',(1.,0.,0.));
#1561 = PLANE('',#1562);
#1562 = AXIS2_PLACEMENT_3D('',#1563,#1564,#1565);
#1563 = CARTESIAN_POINT('',(1.E-17,-5.87E-15,3.));
#1564 = DIRECTION('',(0.,0.,1.));
#1565 = DIRECTION('',(1.,0.,0.));
#1566 = ADVANCED_FACE('',(#1567),#1583,.F.);
#1567 = FACE_BOUND('',#1568,.F.);
#1568 = EDGE_LOOP('',(#1569,#1570,#1576,#1577));
#1569 = ORIENTED_EDGE('',*,*,#1295,.F.);
#1570 = ORIENTED_EDGE('',*,*,#1571,.T.);
#1571 = EDGE_CURVE('',#1296,#881,#1572,.T.);
#1572 = LINE('',#1573,#1574);
#1573 = CARTESIAN_POINT('',(23.832379,-29.061646,3.));
#1574 = VECTOR('',#1575,1.);
#1575 = DIRECTION('',(-0.,-0.,-1.));
#1576 = ORIENTED_EDGE('',*,*,#878,.F.);
#1577 = ORIENTED_EDGE('',*,*,#1578,.F.);
#1578 = EDGE_CURVE('',#1298,#879,#1579,.T.);
#1579 = LINE('',#1580,#1581);
#1580 = CARTESIAN_POINT('',(23.832379,-42.061646,3.));
#1581 = VECTOR('',#1582,1.);
#1582 = DIRECTION('',(-0.,-0.,-1.));
#1583 = PLANE('',#1584);
#1584 = AXIS2_PLACEMENT_3D('',#1585,#1586,#1587);
#1585 = CARTESIAN_POINT('',(23.832379,-29.061646,3.));
#1586 = DIRECTION('',(-1.,0.,0.));
#1587 = DIRECTION('',(0.,-1.,0.));
#1588 = ADVANCED_FACE('',(#1589),#1600,.F.);
#1589 = FACE_BOUND('',#1590,.F.);
#1590 = EDGE_LOOP('',(#1591,#1592,#1593,#1594));
#1591 = ORIENTED_EDGE('',*,*,#1321,.F.);
#1592 = ORIENTED_EDGE('',*,*,#1578,.T.);
#1593 = ORIENTED_EDGE('',*,*,#888,.F.);
#1594 = ORIENTED_EDGE('',*,*,#1595,.F.);
#1595 = EDGE_CURVE('',#1314,#889,#1596,.T.);
#1596 = LINE('',#1597,#1598);
#1597 = CARTESIAN_POINT('',(43.032379,-42.061646,3.));
#1598 = VECTOR('',#1599,1.);
#1599 = DIRECTION('',(-0.,-0.,-1.));
#1600 = PLANE('',#1601);
#1601 = AXIS2_PLACEMENT_3D('',#1602,#1603,#1604);
#1602 = CARTESIAN_POINT('',(23.832379,-42.061646,3.));
#1603 = DIRECTION('',(0.,-1.,0.));
#1604 = DIRECTION('',(1.,0.,0.));
#1605 = ADVANCED_FACE('',(#1606),#1617,.F.);
#1606 = FACE_BOUND('',#1607,.F.);
#1607 = EDGE_LOOP('',(#1608,#1609,#1615,#1616));
#1608 = ORIENTED_EDGE('',*,*,#1305,.F.);
#1609 = ORIENTED_EDGE('',*,*,#1610,.T.);
#1610 = EDGE_CURVE('',#1306,#897,#1611,.T.);
#1611 = LINE('',#1612,#1613);
#1612 = CARTESIAN_POINT('',(43.032379,-29.061646,3.));
#1613 = VECTOR('',#1614,1.);
#1614 = DIRECTION('',(-0.,-0.,-1.));
#1615 = ORIENTED_EDGE('',*,*,#904,.F.);
#1616 = ORIENTED_EDGE('',*,*,#1571,.F.);
#1617 = PLANE('',#1618);
#1618 = AXIS2_PLACEMENT_3D('',#1619,#1620,#1621);
#1619 = CARTESIAN_POINT('',(43.032379,-29.061646,3.));
#1620 = DIRECTION('',(0.,1.,0.));
#1621 = DIRECTION('',(-1.,0.,0.));
#1622 = ADVANCED_FACE('',(#1623),#1629,.F.);
#1623 = FACE_BOUND('',#1624,.F.);
#1624 = EDGE_LOOP('',(#1625,#1626,#1627,#1628));
#1625 = ORIENTED_EDGE('',*,*,#1313,.F.);
#1626 = ORIENTED_EDGE('',*,*,#1595,.T.);
#1627 = ORIENTED_EDGE('',*,*,#896,.F.);
#1628 = ORIENTED_EDGE('',*,*,#1610,.F.);
#1629 = PLANE('',#1630);
#1630 = AXIS2_PLACEMENT_3D('',#1631,#1632,#1633);
#1631 = CARTESIAN_POINT('',(43.032379,-42.061646,3.));
#1632 = DIRECTION('',(1.,0.,0.));
#1633 = DIRECTION('',(0.,1.,0.));
#1634 = ADVANCED_FACE('',(#1635),#1654,.F.);
#1635 = FACE_BOUND('',#1636,.F.);
#1636 = EDGE_LOOP('',(#1637,#1646,#1652,#1653));
#1637 = ORIENTED_EDGE('',*,*,#1638,.F.);
#1638 = EDGE_CURVE('',#1639,#1639,#1641,.T.);
#1639 = VERTEX_POINT('',#1640);
#1640 = CARTESIAN_POINT('',(11.45,-33.07,1.));
#1641 = CIRCLE('',#1642,1.);
#1642 = AXIS2_PLACEMENT_3D('',#1643,#1644,#1645);
#1643 = CARTESIAN_POINT('',(10.45,-33.07,1.));
#1644 = DIRECTION('',(0.,0.,1.));
#1645 = DIRECTION('',(1.,0.,0.));
#1646 = ORIENTED_EDGE('',*,*,#1647,.T.);
#1647 = EDGE_CURVE('',#1639,#913,#1648,.T.);
#1648 = LINE('',#1649,#1650);
#1649 = CARTESIAN_POINT('',(11.45,-33.07,4.));
#1650 = VECTOR('',#1651,1.);
#1651 = DIRECTION('',(-0.,-0.,-1.));
#1652 = ORIENTED_EDGE('',*,*,#912,.T.);
#1653 = ORIENTED_EDGE('',*,*,#1647,.F.);
#1654 = CYLINDRICAL_SURFACE('',#1655,1.);
#1655 = AXIS2_PLACEMENT_3D('',#1656,#1657,#1658);
#1656 = CARTESIAN_POINT('',(10.45,-33.07,4.));
#1657 = DIRECTION('',(0.,0.,1.));
#1658 = DIRECTION('',(1.,0.,0.));
#1659 = ADVANCED_FACE('',(#1660),#1749,.F.);
#1660 = FACE_BOUND('',#1661,.F.);
#1661 = EDGE_LOOP('',(#1662,#1672,#1680,#1688,#1694,#1695,#1703,#1711,
    #1719,#1727,#1735,#1743));
#1662 = ORIENTED_EDGE('',*,*,#1663,.F.);
#1663 = EDGE_CURVE('',#1664,#1666,#1668,.T.);
#1664 = VERTEX_POINT('',#1665);
#1665 = CARTESIAN_POINT('',(-23.76,-28.585,4.));
#1666 = VERTEX_POINT('',#1667);
#1667 = CARTESIAN_POINT('',(-23.76,-30.57,4.));
#1668 = LINE('',#1669,#1670);
#1669 = CARTESIAN_POINT('',(-23.76,-23.965,4.));
#1670 = VECTOR('',#1671,1.);
#1671 = DIRECTION('',(0.,-1.,0.));
#1672 = ORIENTED_EDGE('',*,*,#1673,.T.);
#1673 = EDGE_CURVE('',#1664,#1674,#1676,.T.);
#1674 = VERTEX_POINT('',#1675);
#1675 = CARTESIAN_POINT('',(-23.76,-28.585,1.));
#1676 = LINE('',#1677,#1678);
#1677 = CARTESIAN_POINT('',(-23.76,-28.585,4.));
#1678 = VECTOR('',#1679,1.);
#1679 = DIRECTION('',(0.,0.,-1.));
#1680 = ORIENTED_EDGE('',*,*,#1681,.T.);
#1681 = EDGE_CURVE('',#1674,#1682,#1684,.T.);
#1682 = VERTEX_POINT('',#1683);
#1683 = CARTESIAN_POINT('',(-23.76,-23.965,1.));
#1684 = LINE('',#1685,#1686);
#1685 = CARTESIAN_POINT('',(-23.76,-28.5175,1.));
#1686 = VECTOR('',#1687,1.);
#1687 = DIRECTION('',(0.,1.,0.));
#1688 = ORIENTED_EDGE('',*,*,#1689,.T.);
#1689 = EDGE_CURVE('',#1682,#926,#1690,.T.);
#1690 = LINE('',#1691,#1692);
#1691 = CARTESIAN_POINT('',(-23.76,-23.965,4.));
#1692 = VECTOR('',#1693,1.);
#1693 = DIRECTION('',(-0.,-0.,-1.));
#1694 = ORIENTED_EDGE('',*,*,#923,.F.);
#1695 = ORIENTED_EDGE('',*,*,#1696,.F.);
#1696 = EDGE_CURVE('',#1697,#924,#1699,.T.);
#1697 = VERTEX_POINT('',#1698);
#1698 = CARTESIAN_POINT('',(-23.76,-42.435,1.));
#1699 = LINE('',#1700,#1701);
#1700 = CARTESIAN_POINT('',(-23.76,-42.435,4.));
#1701 = VECTOR('',#1702,1.);
#1702 = DIRECTION('',(-0.,-0.,-1.));
#1703 = ORIENTED_EDGE('',*,*,#1704,.T.);
#1704 = EDGE_CURVE('',#1697,#1705,#1707,.T.);
#1705 = VERTEX_POINT('',#1706);
#1706 = CARTESIAN_POINT('',(-23.76,-37.555,1.));
#1707 = LINE('',#1708,#1709);
#1708 = CARTESIAN_POINT('',(-23.76,-28.5175,1.));
#1709 = VECTOR('',#1710,1.);
#1710 = DIRECTION('',(0.,1.,0.));
#1711 = ORIENTED_EDGE('',*,*,#1712,.T.);
#1712 = EDGE_CURVE('',#1705,#1713,#1715,.T.);
#1713 = VERTEX_POINT('',#1714);
#1714 = CARTESIAN_POINT('',(-23.76,-37.555,4.));
#1715 = LINE('',#1716,#1717);
#1716 = CARTESIAN_POINT('',(-23.76,-37.555,4.));
#1717 = VECTOR('',#1718,1.);
#1718 = DIRECTION('',(0.,0.,1.));
#1719 = ORIENTED_EDGE('',*,*,#1720,.F.);
#1720 = EDGE_CURVE('',#1721,#1713,#1723,.T.);
#1721 = VERTEX_POINT('',#1722);
#1722 = CARTESIAN_POINT('',(-23.76,-35.57,4.));
#1723 = LINE('',#1724,#1725);
#1724 = CARTESIAN_POINT('',(-23.76,-23.965,4.));
#1725 = VECTOR('',#1726,1.);
#1726 = DIRECTION('',(0.,-1.,0.));
#1727 = ORIENTED_EDGE('',*,*,#1728,.T.);
#1728 = EDGE_CURVE('',#1721,#1729,#1731,.T.);
#1729 = VERTEX_POINT('',#1730);
#1730 = CARTESIAN_POINT('',(-23.76,-35.57,1.));
#1731 = LINE('',#1732,#1733);
#1732 = CARTESIAN_POINT('',(-23.76,-35.57,4.));
#1733 = VECTOR('',#1734,1.);
#1734 = DIRECTION('',(0.,0.,-1.));
#1735 = ORIENTED_EDGE('',*,*,#1736,.T.);
#1736 = EDGE_CURVE('',#1729,#1737,#1739,.T.);
#1737 = VERTEX_POINT('',#1738);
#1738 = CARTESIAN_POINT('',(-23.76,-30.57,1.));
#1739 = LINE('',#1740,#1741);
#1740 = CARTESIAN_POINT('',(-23.76,-28.5175,1.));
#1741 = VECTOR('',#1742,1.);
#1742 = DIRECTION('',(0.,1.,0.));
#1743 = ORIENTED_EDGE('',*,*,#1744,.T.);
#1744 = EDGE_CURVE('',#1737,#1666,#1745,.T.);
#1745 = LINE('',#1746,#1747);
#1746 = CARTESIAN_POINT('',(-23.76,-30.57,4.));
#1747 = VECTOR('',#1748,1.);
#1748 = DIRECTION('',(0.,0.,1.));
#1749 = PLANE('',#1750);
#1750 = AXIS2_PLACEMENT_3D('',#1751,#1752,#1753);
#1751 = CARTESIAN_POINT('',(-23.76,-23.965,4.));
#1752 = DIRECTION('',(-1.,0.,0.));
#1753 = DIRECTION('',(0.,-1.,0.));
#1754 = ADVANCED_FACE('',(#1755),#1789,.F.);
#1755 = FACE_BOUND('',#1756,.F.);
#1756 = EDGE_LOOP('',(#1757,#1767,#1775,#1781,#1782,#1783));
#1757 = ORIENTED_EDGE('',*,*,#1758,.T.);
#1758 = EDGE_CURVE('',#1759,#1761,#1763,.T.);
#1759 = VERTEX_POINT('',#1760);
#1760 = CARTESIAN_POINT('',(4.69,-42.435,2.));
#1761 = VERTEX_POINT('',#1762);
#1762 = CARTESIAN_POINT('',(-23.67999999999,-42.435,2.));
#1763 = LINE('',#1764,#1765);
#1764 = CARTESIAN_POINT('',(4.69,-42.435,2.));
#1765 = VECTOR('',#1766,1.);
#1766 = DIRECTION('',(-1.,0.,0.));
#1767 = ORIENTED_EDGE('',*,*,#1768,.T.);
#1768 = EDGE_CURVE('',#1761,#1769,#1771,.T.);
#1769 = VERTEX_POINT('',#1770);
#1770 = CARTESIAN_POINT('',(-23.67999999999,-42.435,1.));
#1771 = LINE('',#1772,#1773);
#1772 = CARTESIAN_POINT('',(-23.67999999999,-42.435,4.));
#1773 = VECTOR('',#1774,1.);
#1774 = DIRECTION('',(-0.,-0.,-1.));
#1775 = ORIENTED_EDGE('',*,*,#1776,.T.);
#1776 = EDGE_CURVE('',#1769,#1697,#1777,.T.);
#1777 = LINE('',#1778,#1779);
#1778 = CARTESIAN_POINT('',(-20.85695599022,-42.435,1.));
#1779 = VECTOR('',#1780,1.);
#1780 = DIRECTION('',(-1.,0.,0.));
#1781 = ORIENTED_EDGE('',*,*,#1696,.T.);
#1782 = ORIENTED_EDGE('',*,*,#933,.F.);
#1783 = ORIENTED_EDGE('',*,*,#1784,.F.);
#1784 = EDGE_CURVE('',#1759,#934,#1785,.T.);
#1785 = LINE('',#1786,#1787);
#1786 = CARTESIAN_POINT('',(4.69,-42.435,4.));
#1787 = VECTOR('',#1788,1.);
#1788 = DIRECTION('',(-0.,-0.,-1.));
#1789 = PLANE('',#1790);
#1790 = AXIS2_PLACEMENT_3D('',#1791,#1792,#1793);
#1791 = CARTESIAN_POINT('',(-23.76,-42.435,4.));
#1792 = DIRECTION('',(0.,-1.,0.));
#1793 = DIRECTION('',(1.,0.,0.));
#1794 = ADVANCED_FACE('',(#1795),#1845,.F.);
#1795 = FACE_BOUND('',#1796,.F.);
#1796 = EDGE_LOOP('',(#1797,#1807,#1815,#1823,#1829,#1830,#1831,#1839));
#1797 = ORIENTED_EDGE('',*,*,#1798,.F.);
#1798 = EDGE_CURVE('',#1799,#1801,#1803,.T.);
#1799 = VERTEX_POINT('',#1800);
#1800 = CARTESIAN_POINT('',(-20.89,-23.965,4.));
#1801 = VERTEX_POINT('',#1802);
#1802 = CARTESIAN_POINT('',(-23.68,-23.965,4.));
#1803 = LINE('',#1804,#1805);
#1804 = CARTESIAN_POINT('',(4.69,-23.965,4.));
#1805 = VECTOR('',#1806,1.);
#1806 = DIRECTION('',(-1.,0.,0.));
#1807 = ORIENTED_EDGE('',*,*,#1808,.T.);
#1808 = EDGE_CURVE('',#1799,#1809,#1811,.T.);
#1809 = VERTEX_POINT('',#1810);
#1810 = CARTESIAN_POINT('',(-20.89,-23.965,2.));
#1811 = LINE('',#1812,#1813);
#1812 = CARTESIAN_POINT('',(-20.89,-23.965,4.));
#1813 = VECTOR('',#1814,1.);
#1814 = DIRECTION('',(-0.,-0.,-1.));
#1815 = ORIENTED_EDGE('',*,*,#1816,.T.);
#1816 = EDGE_CURVE('',#1809,#1817,#1819,.T.);
#1817 = VERTEX_POINT('',#1818);
#1818 = CARTESIAN_POINT('',(4.69,-23.965,2.));
#1819 = LINE('',#1820,#1821);
#1820 = CARTESIAN_POINT('',(-20.89,-23.965,2.));
#1821 = VECTOR('',#1822,1.);
#1822 = DIRECTION('',(1.,0.,0.));
#1823 = ORIENTED_EDGE('',*,*,#1824,.T.);
#1824 = EDGE_CURVE('',#1817,#942,#1825,.T.);
#1825 = LINE('',#1826,#1827);
#1826 = CARTESIAN_POINT('',(4.69,-23.965,4.));
#1827 = VECTOR('',#1828,1.);
#1828 = DIRECTION('',(-0.,-0.,-1.));
#1829 = ORIENTED_EDGE('',*,*,#949,.F.);
#1830 = ORIENTED_EDGE('',*,*,#1689,.F.);
#1831 = ORIENTED_EDGE('',*,*,#1832,.T.);
#1832 = EDGE_CURVE('',#1682,#1833,#1835,.T.);
#1833 = VERTEX_POINT('',#1834);
#1834 = CARTESIAN_POINT('',(-23.68,-23.965,1.));
#1835 = LINE('',#1836,#1837);
#1836 = CARTESIAN_POINT('',(-6.63195599022,-23.965,1.));
#1837 = VECTOR('',#1838,1.);
#1838 = DIRECTION('',(1.,0.,0.));
#1839 = ORIENTED_EDGE('',*,*,#1840,.T.);
#1840 = EDGE_CURVE('',#1833,#1801,#1841,.T.);
#1841 = LINE('',#1842,#1843);
#1842 = CARTESIAN_POINT('',(-23.68,-23.965,4.));
#1843 = VECTOR('',#1844,1.);
#1844 = DIRECTION('',(0.,0.,1.));
#1845 = PLANE('',#1846);
#1846 = AXIS2_PLACEMENT_3D('',#1847,#1848,#1849);
#1847 = CARTESIAN_POINT('',(4.69,-23.965,4.));
#1848 = DIRECTION('',(0.,1.,0.));
#1849 = DIRECTION('',(-1.,0.,0.));
#1850 = ADVANCED_FACE('',(#1851),#1862,.F.);
#1851 = FACE_BOUND('',#1852,.F.);
#1852 = EDGE_LOOP('',(#1853,#1859,#1860,#1861));
#1853 = ORIENTED_EDGE('',*,*,#1854,.T.);
#1854 = EDGE_CURVE('',#1817,#1759,#1855,.T.);
#1855 = LINE('',#1856,#1857);
#1856 = CARTESIAN_POINT('',(4.69,-23.965,2.));
#1857 = VECTOR('',#1858,1.);
#1858 = DIRECTION('',(0.,-1.,0.));
#1859 = ORIENTED_EDGE('',*,*,#1784,.T.);
#1860 = ORIENTED_EDGE('',*,*,#941,.F.);
#1861 = ORIENTED_EDGE('',*,*,#1824,.F.);
#1862 = PLANE('',#1863);
#1863 = AXIS2_PLACEMENT_3D('',#1864,#1865,#1866);
#1864 = CARTESIAN_POINT('',(4.69,-42.435,4.));
#1865 = DIRECTION('',(1.,0.,0.));
#1866 = DIRECTION('',(0.,1.,0.));
#1867 = ADVANCED_FACE('',(#1868),#1887,.F.);
#1868 = FACE_BOUND('',#1869,.F.);
#1869 = EDGE_LOOP('',(#1870,#1879,#1885,#1886));
#1870 = ORIENTED_EDGE('',*,*,#1871,.F.);
#1871 = EDGE_CURVE('',#1872,#1872,#1874,.T.);
#1872 = VERTEX_POINT('',#1873);
#1873 = CARTESIAN_POINT('',(-24.88,-40.055,1.));
#1874 = CIRCLE('',#1875,1.5);
#1875 = AXIS2_PLACEMENT_3D('',#1876,#1877,#1878);
#1876 = CARTESIAN_POINT('',(-26.38,-40.055,1.));
#1877 = DIRECTION('',(0.,0.,1.));
#1878 = DIRECTION('',(1.,0.,0.));
#1879 = ORIENTED_EDGE('',*,*,#1880,.T.);
#1880 = EDGE_CURVE('',#1872,#958,#1881,.T.);
#1881 = LINE('',#1882,#1883);
#1882 = CARTESIAN_POINT('',(-24.88,-40.055,4.));
#1883 = VECTOR('',#1884,1.);
#1884 = DIRECTION('',(-0.,-0.,-1.));
#1885 = ORIENTED_EDGE('',*,*,#957,.T.);
#1886 = ORIENTED_EDGE('',*,*,#1880,.F.);
#1887 = CYLINDRICAL_SURFACE('',#1888,1.5);
#1888 = AXIS2_PLACEMENT_3D('',#1889,#1890,#1891);
#1889 = CARTESIAN_POINT('',(-26.38,-40.055,4.));
#1890 = DIRECTION('',(0.,0.,1.));
#1891 = DIRECTION('',(1.,0.,0.));
#1892 = ADVANCED_FACE('',(#1893),#1912,.F.);
#1893 = FACE_BOUND('',#1894,.F.);
#1894 = EDGE_LOOP('',(#1895,#1904,#1910,#1911));
#1895 = ORIENTED_EDGE('',*,*,#1896,.F.);
#1896 = EDGE_CURVE('',#1897,#1897,#1899,.T.);
#1897 = VERTEX_POINT('',#1898);
#1898 = CARTESIAN_POINT('',(-24.88,-33.07,1.));
#1899 = CIRCLE('',#1900,1.5);
#1900 = AXIS2_PLACEMENT_3D('',#1901,#1902,#1903);
#1901 = CARTESIAN_POINT('',(-26.38,-33.07,1.));
#1902 = DIRECTION('',(0.,0.,1.));
#1903 = DIRECTION('',(1.,0.,0.));
#1904 = ORIENTED_EDGE('',*,*,#1905,.T.);
#1905 = EDGE_CURVE('',#1897,#969,#1906,.T.);
#1906 = LINE('',#1907,#1908);
#1907 = CARTESIAN_POINT('',(-24.88,-33.07,4.));
#1908 = VECTOR('',#1909,1.);
#1909 = DIRECTION('',(-0.,-0.,-1.));
#1910 = ORIENTED_EDGE('',*,*,#968,.T.);
#1911 = ORIENTED_EDGE('',*,*,#1905,.F.);
#1912 = CYLINDRICAL_SURFACE('',#1913,1.5);
#1913 = AXIS2_PLACEMENT_3D('',#1914,#1915,#1916);
#1914 = CARTESIAN_POINT('',(-26.38,-33.07,4.));
#1915 = DIRECTION('',(0.,0.,1.));
#1916 = DIRECTION('',(1.,0.,0.));
#1917 = ADVANCED_FACE('',(#1918),#1937,.F.);
#1918 = FACE_BOUND('',#1919,.F.);
#1919 = EDGE_LOOP('',(#1920,#1929,#1935,#1936));
#1920 = ORIENTED_EDGE('',*,*,#1921,.F.);
#1921 = EDGE_CURVE('',#1922,#1922,#1924,.T.);
#1922 = VERTEX_POINT('',#1923);
#1923 = CARTESIAN_POINT('',(-24.88,-26.085,1.));
#1924 = CIRCLE('',#1925,1.5);
#1925 = AXIS2_PLACEMENT_3D('',#1926,#1927,#1928);
#1926 = CARTESIAN_POINT('',(-26.38,-26.085,1.));
#1927 = DIRECTION('',(0.,0.,1.));
#1928 = DIRECTION('',(1.,0.,0.));
#1929 = ORIENTED_EDGE('',*,*,#1930,.T.);
#1930 = EDGE_CURVE('',#1922,#983,#1931,.T.);
#1931 = LINE('',#1932,#1933);
#1932 = CARTESIAN_POINT('',(-24.88,-26.085,4.));
#1933 = VECTOR('',#1934,1.);
#1934 = DIRECTION('',(-0.,-0.,-1.));
#1935 = ORIENTED_EDGE('',*,*,#982,.T.);
#1936 = ORIENTED_EDGE('',*,*,#1930,.F.);
#1937 = CYLINDRICAL_SURFACE('',#1938,1.5);
#1938 = AXIS2_PLACEMENT_3D('',#1939,#1940,#1941);
#1939 = CARTESIAN_POINT('',(-26.38,-26.085,4.));
#1940 = DIRECTION('',(0.,0.,1.));
#1941 = DIRECTION('',(1.,0.,0.));
#1942 = ADVANCED_FACE('',(#1943),#1960,.F.);
#1943 = FACE_BOUND('',#1944,.F.);
#1944 = EDGE_LOOP('',(#1945,#1946,#1952,#1953,#1954));
#1945 = ORIENTED_EDGE('',*,*,#996,.F.);
#1946 = ORIENTED_EDGE('',*,*,#1947,.T.);
#1947 = EDGE_CURVE('',#997,#1245,#1948,.T.);
#1948 = LINE('',#1949,#1950);
#1949 = CARTESIAN_POINT('',(-41.10043600223,-3.74994908446,0.));
#1950 = VECTOR('',#1951,1.);
#1951 = DIRECTION('',(0.,0.,1.));
#1952 = ORIENTED_EDGE('',*,*,#1252,.T.);
#1953 = ORIENTED_EDGE('',*,*,#1539,.T.);
#1954 = ORIENTED_EDGE('',*,*,#1955,.F.);
#1955 = EDGE_CURVE('',#999,#1540,#1956,.T.);
#1956 = LINE('',#1957,#1958);
#1957 = CARTESIAN_POINT('',(-41.10043600223,47.06021037554,0.));
#1958 = VECTOR('',#1959,1.);
#1959 = DIRECTION('',(0.,0.,1.));
#1960 = PLANE('',#1961);
#1961 = AXIS2_PLACEMENT_3D('',#1962,#1963,#1964);
#1962 = CARTESIAN_POINT('',(-41.10043600223,-3.74994908446,0.));
#1963 = DIRECTION('',(-1.,0.,0.));
#1964 = DIRECTION('',(0.,1.,0.));
#1965 = ADVANCED_FACE('',(#1966),#1977,.F.);
#1966 = FACE_BOUND('',#1967,.F.);
#1967 = EDGE_LOOP('',(#1968,#1969,#1970,#1971));
#1968 = ORIENTED_EDGE('',*,*,#1022,.F.);
#1969 = ORIENTED_EDGE('',*,*,#1955,.T.);
#1970 = ORIENTED_EDGE('',*,*,#1556,.T.);
#1971 = ORIENTED_EDGE('',*,*,#1972,.F.);
#1972 = EDGE_CURVE('',#1015,#1549,#1973,.T.);
#1973 = LINE('',#1974,#1975);
#1974 = CARTESIAN_POINT('',(29.599562757764,47.06021037554,0.));
#1975 = VECTOR('',#1976,1.);
#1976 = DIRECTION('',(0.,0.,1.));
#1977 = PLANE('',#1978);
#1978 = AXIS2_PLACEMENT_3D('',#1979,#1980,#1981);
#1979 = CARTESIAN_POINT('',(-41.10043600223,47.06021037554,0.));
#1980 = DIRECTION('',(0.,1.,0.));
#1981 = DIRECTION('',(1.,0.,0.));
#1982 = ADVANCED_FACE('',(#1983),#2018,.F.);
#1983 = FACE_BOUND('',#1984,.F.);
#1984 = EDGE_LOOP('',(#1985,#1986,#1987,#1988,#1989,#1997,#2005,#2011,
    #2012));
#1985 = ORIENTED_EDGE('',*,*,#1014,.F.);
#1986 = ORIENTED_EDGE('',*,*,#1972,.T.);
#1987 = ORIENTED_EDGE('',*,*,#1548,.T.);
#1988 = ORIENTED_EDGE('',*,*,#1204,.T.);
#1989 = ORIENTED_EDGE('',*,*,#1990,.T.);
#1990 = EDGE_CURVE('',#1205,#1991,#1993,.T.);
#1991 = VERTEX_POINT('',#1992);
#1992 = CARTESIAN_POINT('',(29.599562757764,39.,1.5));
#1993 = LINE('',#1994,#1995);
#1994 = CARTESIAN_POINT('',(29.599562757764,39.,3.));
#1995 = VECTOR('',#1996,1.);
#1996 = DIRECTION('',(-0.,-0.,-1.));
#1997 = ORIENTED_EDGE('',*,*,#1998,.T.);
#1998 = EDGE_CURVE('',#1991,#1999,#2001,.T.);
#1999 = VERTEX_POINT('',#2000);
#2000 = CARTESIAN_POINT('',(29.599562757764,9.,1.5));
#2001 = LINE('',#2002,#2003);
#2002 = CARTESIAN_POINT('',(29.599562757764,39.,1.5));
#2003 = VECTOR('',#2004,1.);
#2004 = DIRECTION('',(0.,-1.,0.));
#2005 = ORIENTED_EDGE('',*,*,#2006,.F.);
#2006 = EDGE_CURVE('',#1229,#1999,#2007,.T.);
#2007 = LINE('',#2008,#2009);
#2008 = CARTESIAN_POINT('',(29.599562757764,9.,3.));
#2009 = VECTOR('',#2010,1.);
#2010 = DIRECTION('',(-0.,-0.,-1.));
#2011 = ORIENTED_EDGE('',*,*,#1236,.T.);
#2012 = ORIENTED_EDGE('',*,*,#2013,.F.);
#2013 = EDGE_CURVE('',#1007,#1237,#2014,.T.);
#2014 = LINE('',#2015,#2016);
#2015 = CARTESIAN_POINT('',(29.599562757764,-3.74994908446,0.));
#2016 = VECTOR('',#2017,1.);
#2017 = DIRECTION('',(0.,0.,1.));
#2018 = PLANE('',#2019);
#2019 = AXIS2_PLACEMENT_3D('',#2020,#2021,#2022);
#2020 = CARTESIAN_POINT('',(29.599562757764,21.65513064554,1.5));
#2021 = DIRECTION('',(1.,0.,0.));
#2022 = DIRECTION('',(0.,0.,1.));
#2023 = ADVANCED_FACE('',(#2024),#2030,.F.);
#2024 = FACE_BOUND('',#2025,.F.);
#2025 = EDGE_LOOP('',(#2026,#2027,#2028,#2029));
#2026 = ORIENTED_EDGE('',*,*,#1006,.F.);
#2027 = ORIENTED_EDGE('',*,*,#2013,.T.);
#2028 = ORIENTED_EDGE('',*,*,#1244,.T.);
#2029 = ORIENTED_EDGE('',*,*,#1947,.F.);
#2030 = PLANE('',#2031);
#2031 = AXIS2_PLACEMENT_3D('',#2032,#2033,#2034);
#2032 = CARTESIAN_POINT('',(29.599562757764,-3.74994908446,0.));
#2033 = DIRECTION('',(0.,-1.,0.));
#2034 = DIRECTION('',(-1.,0.,0.));
#2035 = ADVANCED_FACE('',(#2036),#2042,.T.);
#2036 = FACE_BOUND('',#2037,.T.);
#2037 = EDGE_LOOP('',(#2038,#2039,#2040,#2041));
#2038 = ORIENTED_EDGE('',*,*,#1048,.F.);
#2039 = ORIENTED_EDGE('',*,*,#1196,.T.);
#2040 = ORIENTED_EDGE('',*,*,#1137,.T.);
#2041 = ORIENTED_EDGE('',*,*,#1123,.T.);
#2042 = PLANE('',#2043);
#2043 = AXIS2_PLACEMENT_3D('',#2044,#2045,#2046);
#2044 = CARTESIAN_POINT('',(-49.5,-47.,0.));
#2045 = DIRECTION('',(0.,1.,0.));
#2046 = DIRECTION('',(1.,0.,0.));
#2047 = ADVANCED_FACE('',(#2048),#2073,.F.);
#2048 = FACE_BOUND('',#2049,.T.);
#2049 = EDGE_LOOP('',(#2050,#2058,#2059,#2067));
#2050 = ORIENTED_EDGE('',*,*,#2051,.F.);
#2051 = EDGE_CURVE('',#1065,#2052,#2054,.T.);
#2052 = VERTEX_POINT('',#2053);
#2053 = CARTESIAN_POINT('',(48.,10.,44.65));
#2054 = LINE('',#2055,#2056);
#2055 = CARTESIAN_POINT('',(49.5,10.,43.8));
#2056 = VECTOR('',#2057,1.);
#2057 = DIRECTION('',(-0.870022185849,1.9E-16,0.493012571981));
#2058 = ORIENTED_EDGE('',*,*,#1064,.T.);
#2059 = ORIENTED_EDGE('',*,*,#2060,.T.);
#2060 = EDGE_CURVE('',#1067,#2061,#2063,.T.);
#2061 = VERTEX_POINT('',#2062);
#2062 = CARTESIAN_POINT('',(48.,-10.,44.65));
#2063 = LINE('',#2064,#2065);
#2064 = CARTESIAN_POINT('',(49.5,-10.,43.8));
#2065 = VECTOR('',#2066,1.);
#2066 = DIRECTION('',(-0.870022185849,1.1E-16,0.493012571981));
#2067 = ORIENTED_EDGE('',*,*,#2068,.F.);
#2068 = EDGE_CURVE('',#2052,#2061,#2069,.T.);
#2069 = LINE('',#2070,#2071);
#2070 = CARTESIAN_POINT('',(48.,10.,44.65));
#2071 = VECTOR('',#2072,1.);
#2072 = DIRECTION('',(-2.2E-16,-1.,2.2E-16));
#2073 = PLANE('',#2074);
#2074 = AXIS2_PLACEMENT_3D('',#2075,#2076,#2077);
#2075 = CARTESIAN_POINT('',(49.5,10.,43.8));
#2076 = DIRECTION('',(0.493012571981,8.E-17,0.870022185849));
#2077 = DIRECTION('',(0.870022185849,-3.E-16,-0.493012571981));
#2078 = ADVANCED_FACE('',(#2079),#2089,.T.);
#2079 = FACE_BOUND('',#2080,.F.);
#2080 = EDGE_LOOP('',(#2081,#2082,#2088));
#2081 = ORIENTED_EDGE('',*,*,#1074,.F.);
#2082 = ORIENTED_EDGE('',*,*,#2083,.F.);
#2083 = EDGE_CURVE('',#2052,#1075,#2084,.T.);
#2084 = LINE('',#2085,#2086);
#2085 = CARTESIAN_POINT('',(48.,10.,44.65));
#2086 = VECTOR('',#2087,1.);
#2087 = DIRECTION('',(0.870022185849,-1.9E-16,0.493012571981));
#2088 = ORIENTED_EDGE('',*,*,#2051,.F.);
#2089 = PLANE('',#2090);
#2090 = AXIS2_PLACEMENT_3D('',#2091,#2092,#2093);
#2091 = CARTESIAN_POINT('',(49.5,10.,45.5));
#2092 = DIRECTION('',(0.,1.,-2.2E-16));
#2093 = DIRECTION('',(-2.2E-16,2.2E-16,1.));
#2094 = ADVANCED_FACE('',(#2095),#2105,.T.);
#2095 = FACE_BOUND('',#2096,.F.);
#2096 = EDGE_LOOP('',(#2097,#2098,#2099));
#2097 = ORIENTED_EDGE('',*,*,#1090,.F.);
#2098 = ORIENTED_EDGE('',*,*,#2060,.T.);
#2099 = ORIENTED_EDGE('',*,*,#2100,.T.);
#2100 = EDGE_CURVE('',#2061,#1083,#2101,.T.);
#2101 = LINE('',#2102,#2103);
#2102 = CARTESIAN_POINT('',(48.385407905803,-10.,44.868397813288));
#2103 = VECTOR('',#2104,1.);
#2104 = DIRECTION('',(0.870022185849,1.1E-16,0.493012571981));
#2105 = PLANE('',#2106);
#2106 = AXIS2_PLACEMENT_3D('',#2107,#2108,#2109);
#2107 = CARTESIAN_POINT('',(49.5,-10.,43.8));
#2108 = DIRECTION('',(0.,-1.,2.2E-16));
#2109 = DIRECTION('',(2.2E-16,-2.2E-16,-1.));
#2110 = ADVANCED_FACE('',(#2111),#2117,.F.);
#2111 = FACE_BOUND('',#2112,.T.);
#2112 = EDGE_LOOP('',(#2113,#2114,#2115,#2116));
#2113 = ORIENTED_EDGE('',*,*,#2083,.F.);
#2114 = ORIENTED_EDGE('',*,*,#2068,.T.);
#2115 = ORIENTED_EDGE('',*,*,#2100,.T.);
#2116 = ORIENTED_EDGE('',*,*,#1082,.T.);
#2117 = PLANE('',#2118);
#2118 = AXIS2_PLACEMENT_3D('',#2119,#2120,#2121);
#2119 = CARTESIAN_POINT('',(48.,10.,44.65));
#2120 = DIRECTION('',(0.493012571981,-3.E-16,-0.870022185849));
#2121 = DIRECTION('',(-0.870022185849,8.E-17,-0.493012571981));
#2122 = ADVANCED_FACE('',(#2123),#2140,.T.);
#2123 = FACE_BOUND('',#2124,.T.);
#2124 = EDGE_LOOP('',(#2125,#2126,#2134));
#2125 = ORIENTED_EDGE('',*,*,#1155,.F.);
#2126 = ORIENTED_EDGE('',*,*,#2127,.F.);
#2127 = EDGE_CURVE('',#2128,#1156,#2130,.T.);
#2128 = VERTEX_POINT('',#2129);
#2129 = CARTESIAN_POINT('',(-48.,10.,44.65));
#2130 = LINE('',#2131,#2132);
#2131 = CARTESIAN_POINT('',(-48.,10.,44.65));
#2132 = VECTOR('',#2133,1.);
#2133 = DIRECTION('',(-0.870022185849,0.,0.493012571981));
#2134 = ORIENTED_EDGE('',*,*,#2135,.F.);
#2135 = EDGE_CURVE('',#1158,#2128,#2136,.T.);
#2136 = LINE('',#2137,#2138);
#2137 = CARTESIAN_POINT('',(-49.5,10.,43.8));
#2138 = VECTOR('',#2139,1.);
#2139 = DIRECTION('',(0.870022185849,0.,0.493012571981));
#2140 = PLANE('',#2141);
#2141 = AXIS2_PLACEMENT_3D('',#2142,#2143,#2144);
#2142 = CARTESIAN_POINT('',(-49.5,10.,45.5));
#2143 = DIRECTION('',(2.2E-16,1.,-2.2E-16));
#2144 = DIRECTION('',(0.,-2.2E-16,-1.));
#2145 = ADVANCED_FACE('',(#2146),#2164,.F.);
#2146 = FACE_BOUND('',#2147,.F.);
#2147 = EDGE_LOOP('',(#2148,#2149,#2157,#2163));
#2148 = ORIENTED_EDGE('',*,*,#2127,.F.);
#2149 = ORIENTED_EDGE('',*,*,#2150,.T.);
#2150 = EDGE_CURVE('',#2128,#2151,#2153,.T.);
#2151 = VERTEX_POINT('',#2152);
#2152 = CARTESIAN_POINT('',(-48.,-10.,44.65));
#2153 = LINE('',#2154,#2155);
#2154 = CARTESIAN_POINT('',(-48.,10.,44.65));
#2155 = VECTOR('',#2156,1.);
#2156 = DIRECTION('',(0.,-1.,2.2E-16));
#2157 = ORIENTED_EDGE('',*,*,#2158,.T.);
#2158 = EDGE_CURVE('',#2151,#1174,#2159,.T.);
#2159 = LINE('',#2160,#2161);
#2160 = CARTESIAN_POINT('',(-48.3854079058,-10.,44.868397813288));
#2161 = VECTOR('',#2162,1.);
#2162 = DIRECTION('',(-0.870022185849,3.E-16,0.493012571981));
#2163 = ORIENTED_EDGE('',*,*,#1181,.T.);
#2164 = PLANE('',#2165);
#2165 = AXIS2_PLACEMENT_3D('',#2166,#2167,#2168);
#2166 = CARTESIAN_POINT('',(-48.,10.,44.65));
#2167 = DIRECTION('',(-0.493012571981,-1.9E-16,-0.870022185849));
#2168 = DIRECTION('',(-0.870022185849,1.1E-16,0.493012571981));
#2169 = ADVANCED_FACE('',(#2170),#2180,.T.);
#2170 = FACE_BOUND('',#2171,.T.);
#2171 = EDGE_LOOP('',(#2172,#2173,#2179));
#2172 = ORIENTED_EDGE('',*,*,#1173,.F.);
#2173 = ORIENTED_EDGE('',*,*,#2174,.T.);
#2174 = EDGE_CURVE('',#1166,#2151,#2175,.T.);
#2175 = LINE('',#2176,#2177);
#2176 = CARTESIAN_POINT('',(-49.5,-10.,43.8));
#2177 = VECTOR('',#2178,1.);
#2178 = DIRECTION('',(0.870022185849,-8.E-17,0.493012571981));
#2179 = ORIENTED_EDGE('',*,*,#2158,.T.);
#2180 = PLANE('',#2181);
#2181 = AXIS2_PLACEMENT_3D('',#2182,#2183,#2184);
#2182 = CARTESIAN_POINT('',(-49.5,-10.,43.8));
#2183 = DIRECTION('',(-2.2E-16,-1.,2.2E-16));
#2184 = DIRECTION('',(0.,2.2E-16,1.));
#2185 = ADVANCED_FACE('',(#2186),#2192,.F.);
#2186 = FACE_BOUND('',#2187,.F.);
#2187 = EDGE_LOOP('',(#2188,#2189,#2190,#2191));
#2188 = ORIENTED_EDGE('',*,*,#2135,.F.);
#2189 = ORIENTED_EDGE('',*,*,#1165,.T.);
#2190 = ORIENTED_EDGE('',*,*,#2174,.T.);
#2191 = ORIENTED_EDGE('',*,*,#2150,.F.);
#2192 = PLANE('',#2193);
#2193 = AXIS2_PLACEMENT_3D('',#2194,#2195,#2196);
#2194 = CARTESIAN_POINT('',(-49.5,10.,43.8));
#2195 = DIRECTION('',(-0.493012571981,1.9E-16,0.870022185849));
#2196 = DIRECTION('',(0.870022185849,1.1E-16,0.493012571981));
#2197 = ADVANCED_FACE('',(#2198),#2216,.F.);
#2198 = FACE_BOUND('',#2199,.F.);
#2199 = EDGE_LOOP('',(#2200,#2201,#2209,#2215));
#2200 = ORIENTED_EDGE('',*,*,#2006,.T.);
#2201 = ORIENTED_EDGE('',*,*,#2202,.T.);
#2202 = EDGE_CURVE('',#1999,#2203,#2205,.T.);
#2203 = VERTEX_POINT('',#2204);
#2204 = CARTESIAN_POINT('',(30.599562757764,9.,1.5));
#2205 = LINE('',#2206,#2207);
#2206 = CARTESIAN_POINT('',(29.599562757764,9.,1.5));
#2207 = VECTOR('',#2208,1.);
#2208 = DIRECTION('',(1.,0.,0.));
#2209 = ORIENTED_EDGE('',*,*,#2210,.F.);
#2210 = EDGE_CURVE('',#1221,#2203,#2211,.T.);
#2211 = LINE('',#2212,#2213);
#2212 = CARTESIAN_POINT('',(30.599562757764,9.,3.));
#2213 = VECTOR('',#2214,1.);
#2214 = DIRECTION('',(-0.,-0.,-1.));
#2215 = ORIENTED_EDGE('',*,*,#1228,.F.);
#2216 = PLANE('',#2217);
#2217 = AXIS2_PLACEMENT_3D('',#2218,#2219,#2220);
#2218 = CARTESIAN_POINT('',(29.599562757764,9.,3.));
#2219 = DIRECTION('',(0.,-1.,0.));
#2220 = DIRECTION('',(1.,0.,0.));
#2221 = ADVANCED_FACE('',(#2222),#2240,.F.);
#2222 = FACE_BOUND('',#2223,.F.);
#2223 = EDGE_LOOP('',(#2224,#2225,#2233,#2239));
#2224 = ORIENTED_EDGE('',*,*,#2210,.T.);
#2225 = ORIENTED_EDGE('',*,*,#2226,.T.);
#2226 = EDGE_CURVE('',#2203,#2227,#2229,.T.);
#2227 = VERTEX_POINT('',#2228);
#2228 = CARTESIAN_POINT('',(30.599562757764,39.,1.5));
#2229 = LINE('',#2230,#2231);
#2230 = CARTESIAN_POINT('',(30.599562757764,9.,1.5));
#2231 = VECTOR('',#2232,1.);
#2232 = DIRECTION('',(0.,1.,0.));
#2233 = ORIENTED_EDGE('',*,*,#2234,.F.);
#2234 = EDGE_CURVE('',#1213,#2227,#2235,.T.);
#2235 = LINE('',#2236,#2237);
#2236 = CARTESIAN_POINT('',(30.599562757764,39.,3.));
#2237 = VECTOR('',#2238,1.);
#2238 = DIRECTION('',(-0.,-0.,-1.));
#2239 = ORIENTED_EDGE('',*,*,#1220,.F.);
#2240 = PLANE('',#2241);
#2241 = AXIS2_PLACEMENT_3D('',#2242,#2243,#2244);
#2242 = CARTESIAN_POINT('',(30.599562757764,9.,3.));
#2243 = DIRECTION('',(1.,0.,0.));
#2244 = DIRECTION('',(-0.,1.,0.));
#2245 = ADVANCED_FACE('',(#2246),#2257,.F.);
#2246 = FACE_BOUND('',#2247,.F.);
#2247 = EDGE_LOOP('',(#2248,#2249,#2255,#2256));
#2248 = ORIENTED_EDGE('',*,*,#2234,.T.);
#2249 = ORIENTED_EDGE('',*,*,#2250,.T.);
#2250 = EDGE_CURVE('',#2227,#1991,#2251,.T.);
#2251 = LINE('',#2252,#2253);
#2252 = CARTESIAN_POINT('',(30.599562757764,39.,1.5));
#2253 = VECTOR('',#2254,1.);
#2254 = DIRECTION('',(-1.,0.,0.));
#2255 = ORIENTED_EDGE('',*,*,#1990,.F.);
#2256 = ORIENTED_EDGE('',*,*,#1212,.F.);
#2257 = PLANE('',#2258);
#2258 = AXIS2_PLACEMENT_3D('',#2259,#2260,#2261);
#2259 = CARTESIAN_POINT('',(30.599562757764,39.,3.));
#2260 = DIRECTION('',(0.,1.,0.));
#2261 = DIRECTION('',(-1.,0.,0.));
#2262 = ADVANCED_FACE('',(#2263),#2288,.F.);
#2263 = FACE_BOUND('',#2264,.F.);
#2264 = EDGE_LOOP('',(#2265,#2273,#2281,#2287));
#2265 = ORIENTED_EDGE('',*,*,#2266,.T.);
#2266 = EDGE_CURVE('',#1262,#2267,#2269,.T.);
#2267 = VERTEX_POINT('',#2268);
#2268 = CARTESIAN_POINT('',(-34.5,-21.,4.));
#2269 = LINE('',#2270,#2271);
#2270 = CARTESIAN_POINT('',(-34.5,-21.,3.));
#2271 = VECTOR('',#2272,1.);
#2272 = DIRECTION('',(0.,0.,1.));
#2273 = ORIENTED_EDGE('',*,*,#2274,.T.);
#2274 = EDGE_CURVE('',#2267,#2275,#2277,.T.);
#2275 = VERTEX_POINT('',#2276);
#2276 = CARTESIAN_POINT('',(-34.5,-45.,4.));
#2277 = LINE('',#2278,#2279);
#2278 = CARTESIAN_POINT('',(-34.5,-21.,4.));
#2279 = VECTOR('',#2280,1.);
#2280 = DIRECTION('',(0.,-1.,0.));
#2281 = ORIENTED_EDGE('',*,*,#2282,.F.);
#2282 = EDGE_CURVE('',#1264,#2275,#2283,.T.);
#2283 = LINE('',#2284,#2285);
#2284 = CARTESIAN_POINT('',(-34.5,-45.,3.));
#2285 = VECTOR('',#2286,1.);
#2286 = DIRECTION('',(0.,0.,1.));
#2287 = ORIENTED_EDGE('',*,*,#1261,.F.);
#2288 = PLANE('',#2289);
#2289 = AXIS2_PLACEMENT_3D('',#2290,#2291,#2292);
#2290 = CARTESIAN_POINT('',(-34.5,-21.,3.));
#2291 = DIRECTION('',(1.,0.,0.));
#2292 = DIRECTION('',(0.,-1.,0.));
#2293 = ADVANCED_FACE('',(#2294),#2312,.F.);
#2294 = FACE_BOUND('',#2295,.F.);
#2295 = EDGE_LOOP('',(#2296,#2304,#2310,#2311));
#2296 = ORIENTED_EDGE('',*,*,#2297,.T.);
#2297 = EDGE_CURVE('',#1272,#2298,#2300,.T.);
#2298 = VERTEX_POINT('',#2299);
#2299 = CARTESIAN_POINT('',(17.5,-21.,4.));
#2300 = LINE('',#2301,#2302);
#2301 = CARTESIAN_POINT('',(17.5,-21.,3.));
#2302 = VECTOR('',#2303,1.);
#2303 = DIRECTION('',(0.,0.,1.));
#2304 = ORIENTED_EDGE('',*,*,#2305,.T.);
#2305 = EDGE_CURVE('',#2298,#2267,#2306,.T.);
#2306 = LINE('',#2307,#2308);
#2307 = CARTESIAN_POINT('',(17.5,-21.,4.));
#2308 = VECTOR('',#2309,1.);
#2309 = DIRECTION('',(-1.,0.,0.));
#2310 = ORIENTED_EDGE('',*,*,#2266,.F.);
#2311 = ORIENTED_EDGE('',*,*,#1271,.F.);
#2312 = PLANE('',#2313);
#2313 = AXIS2_PLACEMENT_3D('',#2314,#2315,#2316);
#2314 = CARTESIAN_POINT('',(17.5,-21.,3.));
#2315 = DIRECTION('',(0.,-1.,0.));
#2316 = DIRECTION('',(-1.,0.,0.));
#2317 = ADVANCED_FACE('',(#2318),#2336,.F.);
#2318 = FACE_BOUND('',#2319,.F.);
#2319 = EDGE_LOOP('',(#2320,#2321,#2329,#2335));
#2320 = ORIENTED_EDGE('',*,*,#2282,.T.);
#2321 = ORIENTED_EDGE('',*,*,#2322,.T.);
#2322 = EDGE_CURVE('',#2275,#2323,#2325,.T.);
#2323 = VERTEX_POINT('',#2324);
#2324 = CARTESIAN_POINT('',(17.5,-45.,4.));
#2325 = LINE('',#2326,#2327);
#2326 = CARTESIAN_POINT('',(-34.5,-45.,4.));
#2327 = VECTOR('',#2328,1.);
#2328 = DIRECTION('',(1.,0.,0.));
#2329 = ORIENTED_EDGE('',*,*,#2330,.F.);
#2330 = EDGE_CURVE('',#1280,#2323,#2331,.T.);
#2331 = LINE('',#2332,#2333);
#2332 = CARTESIAN_POINT('',(17.5,-45.,3.));
#2333 = VECTOR('',#2334,1.);
#2334 = DIRECTION('',(0.,0.,1.));
#2335 = ORIENTED_EDGE('',*,*,#1287,.F.);
#2336 = PLANE('',#2337);
#2337 = AXIS2_PLACEMENT_3D('',#2338,#2339,#2340);
#2338 = CARTESIAN_POINT('',(-34.5,-45.,3.));
#2339 = DIRECTION('',(0.,1.,0.));
#2340 = DIRECTION('',(1.,0.,0.));
#2341 = ADVANCED_FACE('',(#2342),#2353,.F.);
#2342 = FACE_BOUND('',#2343,.F.);
#2343 = EDGE_LOOP('',(#2344,#2345,#2351,#2352));
#2344 = ORIENTED_EDGE('',*,*,#2330,.T.);
#2345 = ORIENTED_EDGE('',*,*,#2346,.T.);
#2346 = EDGE_CURVE('',#2323,#2298,#2347,.T.);
#2347 = LINE('',#2348,#2349);
#2348 = CARTESIAN_POINT('',(17.5,-45.,4.));
#2349 = VECTOR('',#2350,1.);
#2350 = DIRECTION('',(0.,1.,0.));
#2351 = ORIENTED_EDGE('',*,*,#2297,.F.);
#2352 = ORIENTED_EDGE('',*,*,#1279,.F.);
#2353 = PLANE('',#2354);
#2354 = AXIS2_PLACEMENT_3D('',#2355,#2356,#2357);
#2355 = CARTESIAN_POINT('',(17.5,-45.,3.));
#2356 = DIRECTION('',(-1.,0.,0.));
#2357 = DIRECTION('',(0.,1.,0.));
#2358 = ADVANCED_FACE('',(#2359),#2384,.F.);
#2359 = FACE_BOUND('',#2360,.F.);
#2360 = EDGE_LOOP('',(#2361,#2369,#2377,#2383));
#2361 = ORIENTED_EDGE('',*,*,#2362,.T.);
#2362 = EDGE_CURVE('',#1330,#2363,#2365,.T.);
#2363 = VERTEX_POINT('',#2364);
#2364 = CARTESIAN_POINT('',(24.2465076,-26.78729906298,6.));
#2365 = LINE('',#2366,#2367);
#2366 = CARTESIAN_POINT('',(24.2465076,-26.78729906298,3.));
#2367 = VECTOR('',#2368,1.);
#2368 = DIRECTION('',(0.,0.,1.));
#2369 = ORIENTED_EDGE('',*,*,#2370,.T.);
#2370 = EDGE_CURVE('',#2363,#2371,#2373,.T.);
#2371 = VERTEX_POINT('',#2372);
#2372 = CARTESIAN_POINT('',(39.2465076,-26.78729906298,6.));
#2373 = LINE('',#2374,#2375);
#2374 = CARTESIAN_POINT('',(24.2465076,-26.78729906298,6.));
#2375 = VECTOR('',#2376,1.);
#2376 = DIRECTION('',(1.,0.,0.));
#2377 = ORIENTED_EDGE('',*,*,#2378,.F.);
#2378 = EDGE_CURVE('',#1332,#2371,#2379,.T.);
#2379 = LINE('',#2380,#2381);
#2380 = CARTESIAN_POINT('',(39.2465076,-26.78729906298,3.));
#2381 = VECTOR('',#2382,1.);
#2382 = DIRECTION('',(0.,0.,1.));
#2383 = ORIENTED_EDGE('',*,*,#1329,.F.);
#2384 = PLANE('',#2385);
#2385 = AXIS2_PLACEMENT_3D('',#2386,#2387,#2388);
#2386 = CARTESIAN_POINT('',(24.2465076,-26.78729906298,3.));
#2387 = DIRECTION('',(0.,1.,0.));
#2388 = DIRECTION('',(1.,0.,0.));
#2389 = ADVANCED_FACE('',(#2390),#2408,.F.);
#2390 = FACE_BOUND('',#2391,.F.);
#2391 = EDGE_LOOP('',(#2392,#2400,#2406,#2407));
#2392 = ORIENTED_EDGE('',*,*,#2393,.T.);
#2393 = EDGE_CURVE('',#1340,#2394,#2396,.T.);
#2394 = VERTEX_POINT('',#2395);
#2395 = CARTESIAN_POINT('',(24.2465076,-20.78729906298,6.));
#2396 = LINE('',#2397,#2398);
#2397 = CARTESIAN_POINT('',(24.2465076,-20.78729906298,3.));
#2398 = VECTOR('',#2399,1.);
#2399 = DIRECTION('',(0.,0.,1.));
#2400 = ORIENTED_EDGE('',*,*,#2401,.T.);
#2401 = EDGE_CURVE('',#2394,#2363,#2402,.T.);
#2402 = LINE('',#2403,#2404);
#2403 = CARTESIAN_POINT('',(24.2465076,-20.78729906298,6.));
#2404 = VECTOR('',#2405,1.);
#2405 = DIRECTION('',(0.,-1.,0.));
#2406 = ORIENTED_EDGE('',*,*,#2362,.F.);
#2407 = ORIENTED_EDGE('',*,*,#1339,.F.);
#2408 = PLANE('',#2409);
#2409 = AXIS2_PLACEMENT_3D('',#2410,#2411,#2412);
#2410 = CARTESIAN_POINT('',(24.2465076,-20.78729906298,3.));
#2411 = DIRECTION('',(1.,0.,0.));
#2412 = DIRECTION('',(0.,-1.,0.));
#2413 = ADVANCED_FACE('',(#2414),#2432,.F.);
#2414 = FACE_BOUND('',#2415,.F.);
#2415 = EDGE_LOOP('',(#2416,#2417,#2425,#2431));
#2416 = ORIENTED_EDGE('',*,*,#2378,.T.);
#2417 = ORIENTED_EDGE('',*,*,#2418,.T.);
#2418 = EDGE_CURVE('',#2371,#2419,#2421,.T.);
#2419 = VERTEX_POINT('',#2420);
#2420 = CARTESIAN_POINT('',(39.2465076,-20.78729906298,6.));
#2421 = LINE('',#2422,#2423);
#2422 = CARTESIAN_POINT('',(39.2465076,-26.78729906298,6.));
#2423 = VECTOR('',#2424,1.);
#2424 = DIRECTION('',(0.,1.,0.));
#2425 = ORIENTED_EDGE('',*,*,#2426,.F.);
#2426 = EDGE_CURVE('',#1348,#2419,#2427,.T.);
#2427 = LINE('',#2428,#2429);
#2428 = CARTESIAN_POINT('',(39.2465076,-20.78729906298,3.));
#2429 = VECTOR('',#2430,1.);
#2430 = DIRECTION('',(0.,0.,1.));
#2431 = ORIENTED_EDGE('',*,*,#1355,.F.);
#2432 = PLANE('',#2433);
#2433 = AXIS2_PLACEMENT_3D('',#2434,#2435,#2436);
#2434 = CARTESIAN_POINT('',(39.2465076,-26.78729906298,3.));
#2435 = DIRECTION('',(-1.,0.,0.));
#2436 = DIRECTION('',(0.,1.,0.));
#2437 = ADVANCED_FACE('',(#2438),#2449,.F.);
#2438 = FACE_BOUND('',#2439,.F.);
#2439 = EDGE_LOOP('',(#2440,#2441,#2447,#2448));
#2440 = ORIENTED_EDGE('',*,*,#2426,.T.);
#2441 = ORIENTED_EDGE('',*,*,#2442,.T.);
#2442 = EDGE_CURVE('',#2419,#2394,#2443,.T.);
#2443 = LINE('',#2444,#2445);
#2444 = CARTESIAN_POINT('',(39.2465076,-20.78729906298,6.));
#2445 = VECTOR('',#2446,1.);
#2446 = DIRECTION('',(-1.,0.,0.));
#2447 = ORIENTED_EDGE('',*,*,#2393,.F.);
#2448 = ORIENTED_EDGE('',*,*,#1347,.F.);
#2449 = PLANE('',#2450);
#2450 = AXIS2_PLACEMENT_3D('',#2451,#2452,#2453);
#2451 = CARTESIAN_POINT('',(39.2465076,-20.78729906298,3.));
#2452 = DIRECTION('',(0.,-1.,0.));
#2453 = DIRECTION('',(-1.,0.,0.));
#2454 = ADVANCED_FACE('',(#2455),#2480,.T.);
#2455 = FACE_BOUND('',#2456,.T.);
#2456 = EDGE_LOOP('',(#2457,#2465,#2473,#2479));
#2457 = ORIENTED_EDGE('',*,*,#2458,.T.);
#2458 = EDGE_CURVE('',#1364,#2459,#2461,.T.);
#2459 = VERTEX_POINT('',#2460);
#2460 = CARTESIAN_POINT('',(39.2465076,-5.787299062989,6.));
#2461 = LINE('',#2462,#2463);
#2462 = CARTESIAN_POINT('',(39.2465076,-5.787299062989,3.));
#2463 = VECTOR('',#2464,1.);
#2464 = DIRECTION('',(0.,0.,1.));
#2465 = ORIENTED_EDGE('',*,*,#2466,.T.);
#2466 = EDGE_CURVE('',#2459,#2467,#2469,.T.);
#2467 = VERTEX_POINT('',#2468);
#2468 = CARTESIAN_POINT('',(39.2465076,-11.78729906298,6.));
#2469 = LINE('',#2470,#2471);
#2470 = CARTESIAN_POINT('',(39.2465076,-5.787299062989,6.));
#2471 = VECTOR('',#2472,1.);
#2472 = DIRECTION('',(0.,-1.,0.));
#2473 = ORIENTED_EDGE('',*,*,#2474,.F.);
#2474 = EDGE_CURVE('',#1366,#2467,#2475,.T.);
#2475 = LINE('',#2476,#2477);
#2476 = CARTESIAN_POINT('',(39.2465076,-11.78729906298,3.));
#2477 = VECTOR('',#2478,1.);
#2478 = DIRECTION('',(0.,0.,1.));
#2479 = ORIENTED_EDGE('',*,*,#1363,.F.);
#2480 = PLANE('',#2481);
#2481 = AXIS2_PLACEMENT_3D('',#2482,#2483,#2484);
#2482 = CARTESIAN_POINT('',(39.2465076,-5.787299062989,3.));
#2483 = DIRECTION('',(1.,0.,0.));
#2484 = DIRECTION('',(0.,-1.,0.));
#2485 = ADVANCED_FACE('',(#2486),#2504,.T.);
#2486 = FACE_BOUND('',#2487,.T.);
#2487 = EDGE_LOOP('',(#2488,#2496,#2502,#2503));
#2488 = ORIENTED_EDGE('',*,*,#2489,.T.);
#2489 = EDGE_CURVE('',#1382,#2490,#2492,.T.);
#2490 = VERTEX_POINT('',#2491);
#2491 = CARTESIAN_POINT('',(24.2465076,-5.787299062989,6.));
#2492 = LINE('',#2493,#2494);
#2493 = CARTESIAN_POINT('',(24.2465076,-5.787299062989,3.));
#2494 = VECTOR('',#2495,1.);
#2495 = DIRECTION('',(0.,0.,1.));
#2496 = ORIENTED_EDGE('',*,*,#2497,.T.);
#2497 = EDGE_CURVE('',#2490,#2459,#2498,.T.);
#2498 = LINE('',#2499,#2500);
#2499 = CARTESIAN_POINT('',(24.2465076,-5.787299062989,6.));
#2500 = VECTOR('',#2501,1.);
#2501 = DIRECTION('',(1.,0.,0.));
#2502 = ORIENTED_EDGE('',*,*,#2458,.F.);
#2503 = ORIENTED_EDGE('',*,*,#1389,.F.);
#2504 = PLANE('',#2505);
#2505 = AXIS2_PLACEMENT_3D('',#2506,#2507,#2508);
#2506 = CARTESIAN_POINT('',(24.2465076,-5.787299062989,3.));
#2507 = DIRECTION('',(0.,1.,0.));
#2508 = DIRECTION('',(1.,0.,0.));
#2509 = ADVANCED_FACE('',(#2510),#2528,.T.);
#2510 = FACE_BOUND('',#2511,.T.);
#2511 = EDGE_LOOP('',(#2512,#2513,#2521,#2527));
#2512 = ORIENTED_EDGE('',*,*,#2474,.T.);
#2513 = ORIENTED_EDGE('',*,*,#2514,.T.);
#2514 = EDGE_CURVE('',#2467,#2515,#2517,.T.);
#2515 = VERTEX_POINT('',#2516);
#2516 = CARTESIAN_POINT('',(24.2465076,-11.78729906298,6.));
#2517 = LINE('',#2518,#2519);
#2518 = CARTESIAN_POINT('',(39.2465076,-11.78729906298,6.));
#2519 = VECTOR('',#2520,1.);
#2520 = DIRECTION('',(-1.,0.,0.));
#2521 = ORIENTED_EDGE('',*,*,#2522,.F.);
#2522 = EDGE_CURVE('',#1374,#2515,#2523,.T.);
#2523 = LINE('',#2524,#2525);
#2524 = CARTESIAN_POINT('',(24.2465076,-11.78729906298,3.));
#2525 = VECTOR('',#2526,1.);
#2526 = DIRECTION('',(0.,0.,1.));
#2527 = ORIENTED_EDGE('',*,*,#1373,.F.);
#2528 = PLANE('',#2529);
#2529 = AXIS2_PLACEMENT_3D('',#2530,#2531,#2532);
#2530 = CARTESIAN_POINT('',(39.2465076,-11.78729906298,3.));
#2531 = DIRECTION('',(0.,-1.,0.));
#2532 = DIRECTION('',(-1.,0.,0.));
#2533 = ADVANCED_FACE('',(#2534),#2545,.T.);
#2534 = FACE_BOUND('',#2535,.T.);
#2535 = EDGE_LOOP('',(#2536,#2537,#2543,#2544));
#2536 = ORIENTED_EDGE('',*,*,#2522,.T.);
#2537 = ORIENTED_EDGE('',*,*,#2538,.T.);
#2538 = EDGE_CURVE('',#2515,#2490,#2539,.T.);
#2539 = LINE('',#2540,#2541);
#2540 = CARTESIAN_POINT('',(24.2465076,-11.78729906298,6.));
#2541 = VECTOR('',#2542,1.);
#2542 = DIRECTION('',(0.,1.,0.));
#2543 = ORIENTED_EDGE('',*,*,#2489,.F.);
#2544 = ORIENTED_EDGE('',*,*,#1381,.F.);
#2545 = PLANE('',#2546);
#2546 = AXIS2_PLACEMENT_3D('',#2547,#2548,#2549);
#2547 = CARTESIAN_POINT('',(24.2465076,-11.78729906298,3.));
#2548 = DIRECTION('',(-1.,0.,0.));
#2549 = DIRECTION('',(0.,1.,0.));
#2550 = ADVANCED_FACE('',(#2551),#2576,.F.);
#2551 = FACE_BOUND('',#2552,.F.);
#2552 = EDGE_LOOP('',(#2553,#2561,#2569,#2575));
#2553 = ORIENTED_EDGE('',*,*,#2554,.T.);
#2554 = EDGE_CURVE('',#1398,#2555,#2557,.T.);
#2555 = VERTEX_POINT('',#2556);
#2556 = CARTESIAN_POINT('',(-47.99999672,-2.2500008,5.));
#2557 = LINE('',#2558,#2559);
#2558 = CARTESIAN_POINT('',(-47.99999672,-2.2500008,3.));
#2559 = VECTOR('',#2560,1.);
#2560 = DIRECTION('',(0.,0.,1.));
#2561 = ORIENTED_EDGE('',*,*,#2562,.T.);
#2562 = EDGE_CURVE('',#2555,#2563,#2565,.T.);
#2563 = VERTEX_POINT('',#2564);
#2564 = CARTESIAN_POINT('',(-41.99999672,-2.2500008,5.));
#2565 = LINE('',#2566,#2567);
#2566 = CARTESIAN_POINT('',(-47.99999672,-2.2500008,5.));
#2567 = VECTOR('',#2568,1.);
#2568 = DIRECTION('',(1.,0.,0.));
#2569 = ORIENTED_EDGE('',*,*,#2570,.F.);
#2570 = EDGE_CURVE('',#1400,#2563,#2571,.T.);
#2571 = LINE('',#2572,#2573);
#2572 = CARTESIAN_POINT('',(-41.99999672,-2.2500008,3.));
#2573 = VECTOR('',#2574,1.);
#2574 = DIRECTION('',(0.,0.,1.));
#2575 = ORIENTED_EDGE('',*,*,#1397,.F.);
#2576 = PLANE('',#2577);
#2577 = AXIS2_PLACEMENT_3D('',#2578,#2579,#2580);
#2578 = CARTESIAN_POINT('',(-47.99999672,-2.2500008,3.));
#2579 = DIRECTION('',(0.,1.,0.));
#2580 = DIRECTION('',(1.,0.,0.));
#2581 = ADVANCED_FACE('',(#2582),#2600,.F.);
#2582 = FACE_BOUND('',#2583,.F.);
#2583 = EDGE_LOOP('',(#2584,#2592,#2598,#2599));
#2584 = ORIENTED_EDGE('',*,*,#2585,.T.);
#2585 = EDGE_CURVE('',#1408,#2586,#2588,.T.);
#2586 = VERTEX_POINT('',#2587);
#2587 = CARTESIAN_POINT('',(-47.99999672,3.7499992,5.));
#2588 = LINE('',#2589,#2590);
#2589 = CARTESIAN_POINT('',(-47.99999672,3.7499992,3.));
#2590 = VECTOR('',#2591,1.);
#2591 = DIRECTION('',(0.,0.,1.));
#2592 = ORIENTED_EDGE('',*,*,#2593,.T.);
#2593 = EDGE_CURVE('',#2586,#2555,#2594,.T.);
#2594 = LINE('',#2595,#2596);
#2595 = CARTESIAN_POINT('',(-47.99999672,3.7499992,5.));
#2596 = VECTOR('',#2597,1.);
#2597 = DIRECTION('',(0.,-1.,0.));
#2598 = ORIENTED_EDGE('',*,*,#2554,.F.);
#2599 = ORIENTED_EDGE('',*,*,#1407,.F.);
#2600 = PLANE('',#2601);
#2601 = AXIS2_PLACEMENT_3D('',#2602,#2603,#2604);
#2602 = CARTESIAN_POINT('',(-47.99999672,3.7499992,3.));
#2603 = DIRECTION('',(1.,0.,0.));
#2604 = DIRECTION('',(0.,-1.,0.));
#2605 = ADVANCED_FACE('',(#2606),#2624,.F.);
#2606 = FACE_BOUND('',#2607,.F.);
#2607 = EDGE_LOOP('',(#2608,#2609,#2617,#2623));
#2608 = ORIENTED_EDGE('',*,*,#2570,.T.);
#2609 = ORIENTED_EDGE('',*,*,#2610,.T.);
#2610 = EDGE_CURVE('',#2563,#2611,#2613,.T.);
#2611 = VERTEX_POINT('',#2612);
#2612 = CARTESIAN_POINT('',(-41.99999672,3.7499992,5.));
#2613 = LINE('',#2614,#2615);
#2614 = CARTESIAN_POINT('',(-41.99999672,-2.2500008,5.));
#2615 = VECTOR('',#2616,1.);
#2616 = DIRECTION('',(0.,1.,0.));
#2617 = ORIENTED_EDGE('',*,*,#2618,.F.);
#2618 = EDGE_CURVE('',#1416,#2611,#2619,.T.);
#2619 = LINE('',#2620,#2621);
#2620 = CARTESIAN_POINT('',(-41.99999672,3.7499992,3.));
#2621 = VECTOR('',#2622,1.);
#2622 = DIRECTION('',(0.,0.,1.));
#2623 = ORIENTED_EDGE('',*,*,#1423,.F.);
#2624 = PLANE('',#2625);
#2625 = AXIS2_PLACEMENT_3D('',#2626,#2627,#2628);
#2626 = CARTESIAN_POINT('',(-41.99999672,-2.2500008,3.));
#2627 = DIRECTION('',(-1.,0.,0.));
#2628 = DIRECTION('',(0.,1.,0.));
#2629 = ADVANCED_FACE('',(#2630),#2641,.F.);
#2630 = FACE_BOUND('',#2631,.F.);
#2631 = EDGE_LOOP('',(#2632,#2633,#2639,#2640));
#2632 = ORIENTED_EDGE('',*,*,#2618,.T.);
#2633 = ORIENTED_EDGE('',*,*,#2634,.T.);
#2634 = EDGE_CURVE('',#2611,#2586,#2635,.T.);
#2635 = LINE('',#2636,#2637);
#2636 = CARTESIAN_POINT('',(-41.99999672,3.7499992,5.));
#2637 = VECTOR('',#2638,1.);
#2638 = DIRECTION('',(-1.,0.,0.));
#2639 = ORIENTED_EDGE('',*,*,#2585,.F.);
#2640 = ORIENTED_EDGE('',*,*,#1415,.F.);
#2641 = PLANE('',#2642);
#2642 = AXIS2_PLACEMENT_3D('',#2643,#2644,#2645);
#2643 = CARTESIAN_POINT('',(-41.99999672,3.7499992,3.));
#2644 = DIRECTION('',(0.,-1.,0.));
#2645 = DIRECTION('',(-1.,0.,0.));
#2646 = ADVANCED_FACE('',(#2647),#2672,.F.);
#2647 = FACE_BOUND('',#2648,.F.);
#2648 = EDGE_LOOP('',(#2649,#2657,#2665,#2671));
#2649 = ORIENTED_EDGE('',*,*,#2650,.T.);
#2650 = EDGE_CURVE('',#1432,#2651,#2653,.T.);
#2651 = VERTEX_POINT('',#2652);
#2652 = CARTESIAN_POINT('',(-47.99999672,39.74999902,5.));
#2653 = LINE('',#2654,#2655);
#2654 = CARTESIAN_POINT('',(-47.99999672,39.74999902,3.));
#2655 = VECTOR('',#2656,1.);
#2656 = DIRECTION('',(0.,0.,1.));
#2657 = ORIENTED_EDGE('',*,*,#2658,.T.);
#2658 = EDGE_CURVE('',#2651,#2659,#2661,.T.);
#2659 = VERTEX_POINT('',#2660);
#2660 = CARTESIAN_POINT('',(-41.99999672,39.74999902,5.));
#2661 = LINE('',#2662,#2663);
#2662 = CARTESIAN_POINT('',(-47.99999672,39.74999902,5.));
#2663 = VECTOR('',#2664,1.);
#2664 = DIRECTION('',(1.,0.,0.));
#2665 = ORIENTED_EDGE('',*,*,#2666,.F.);
#2666 = EDGE_CURVE('',#1434,#2659,#2667,.T.);
#2667 = LINE('',#2668,#2669);
#2668 = CARTESIAN_POINT('',(-41.99999672,39.74999902,3.));
#2669 = VECTOR('',#2670,1.);
#2670 = DIRECTION('',(0.,0.,1.));
#2671 = ORIENTED_EDGE('',*,*,#1431,.F.);
#2672 = PLANE('',#2673);
#2673 = AXIS2_PLACEMENT_3D('',#2674,#2675,#2676);
#2674 = CARTESIAN_POINT('',(-47.99999672,39.74999902,3.));
#2675 = DIRECTION('',(0.,1.,0.));
#2676 = DIRECTION('',(1.,0.,0.));
#2677 = ADVANCED_FACE('',(#2678),#2696,.F.);
#2678 = FACE_BOUND('',#2679,.F.);
#2679 = EDGE_LOOP('',(#2680,#2688,#2694,#2695));
#2680 = ORIENTED_EDGE('',*,*,#2681,.T.);
#2681 = EDGE_CURVE('',#1442,#2682,#2684,.T.);
#2682 = VERTEX_POINT('',#2683);
#2683 = CARTESIAN_POINT('',(-47.99999672,45.74999902,5.));
#2684 = LINE('',#2685,#2686);
#2685 = CARTESIAN_POINT('',(-47.99999672,45.74999902,3.));
#2686 = VECTOR('',#2687,1.);
#2687 = DIRECTION('',(0.,0.,1.));
#2688 = ORIENTED_EDGE('',*,*,#2689,.T.);
#2689 = EDGE_CURVE('',#2682,#2651,#2690,.T.);
#2690 = LINE('',#2691,#2692);
#2691 = CARTESIAN_POINT('',(-47.99999672,45.74999902,5.));
#2692 = VECTOR('',#2693,1.);
#2693 = DIRECTION('',(0.,-1.,0.));
#2694 = ORIENTED_EDGE('',*,*,#2650,.F.);
#2695 = ORIENTED_EDGE('',*,*,#1441,.F.);
#2696 = PLANE('',#2697);
#2697 = AXIS2_PLACEMENT_3D('',#2698,#2699,#2700);
#2698 = CARTESIAN_POINT('',(-47.99999672,45.74999902,3.));
#2699 = DIRECTION('',(1.,0.,0.));
#2700 = DIRECTION('',(0.,-1.,0.));
#2701 = ADVANCED_FACE('',(#2702),#2720,.F.);
#2702 = FACE_BOUND('',#2703,.F.);
#2703 = EDGE_LOOP('',(#2704,#2705,#2713,#2719));
#2704 = ORIENTED_EDGE('',*,*,#2666,.T.);
#2705 = ORIENTED_EDGE('',*,*,#2706,.T.);
#2706 = EDGE_CURVE('',#2659,#2707,#2709,.T.);
#2707 = VERTEX_POINT('',#2708);
#2708 = CARTESIAN_POINT('',(-41.99999672,45.74999902,5.));
#2709 = LINE('',#2710,#2711);
#2710 = CARTESIAN_POINT('',(-41.99999672,39.74999902,5.));
#2711 = VECTOR('',#2712,1.);
#2712 = DIRECTION('',(0.,1.,0.));
#2713 = ORIENTED_EDGE('',*,*,#2714,.F.);
#2714 = EDGE_CURVE('',#1450,#2707,#2715,.T.);
#2715 = LINE('',#2716,#2717);
#2716 = CARTESIAN_POINT('',(-41.99999672,45.74999902,3.));
#2717 = VECTOR('',#2718,1.);
#2718 = DIRECTION('',(0.,0.,1.));
#2719 = ORIENTED_EDGE('',*,*,#1457,.F.);
#2720 = PLANE('',#2721);
#2721 = AXIS2_PLACEMENT_3D('',#2722,#2723,#2724);
#2722 = CARTESIAN_POINT('',(-41.99999672,39.74999902,3.));
#2723 = DIRECTION('',(-1.,0.,0.));
#2724 = DIRECTION('',(0.,1.,0.));
#2725 = ADVANCED_FACE('',(#2726),#2737,.F.);
#2726 = FACE_BOUND('',#2727,.F.);
#2727 = EDGE_LOOP('',(#2728,#2729,#2735,#2736));
#2728 = ORIENTED_EDGE('',*,*,#2714,.T.);
#2729 = ORIENTED_EDGE('',*,*,#2730,.T.);
#2730 = EDGE_CURVE('',#2707,#2682,#2731,.T.);
#2731 = LINE('',#2732,#2733);
#2732 = CARTESIAN_POINT('',(-41.99999672,45.74999902,5.));
#2733 = VECTOR('',#2734,1.);
#2734 = DIRECTION('',(-1.,0.,0.));
#2735 = ORIENTED_EDGE('',*,*,#2681,.F.);
#2736 = ORIENTED_EDGE('',*,*,#1449,.F.);
#2737 = PLANE('',#2738);
#2738 = AXIS2_PLACEMENT_3D('',#2739,#2740,#2741);
#2739 = CARTESIAN_POINT('',(-41.99999672,45.74999902,3.));
#2740 = DIRECTION('',(0.,-1.,0.));
#2741 = DIRECTION('',(-1.,0.,0.));
#2742 = ADVANCED_FACE('',(#2743),#2768,.F.);
#2743 = FACE_BOUND('',#2744,.F.);
#2744 = EDGE_LOOP('',(#2745,#2753,#2761,#2767));
#2745 = ORIENTED_EDGE('',*,*,#2746,.T.);
#2746 = EDGE_CURVE('',#1466,#2747,#2749,.T.);
#2747 = VERTEX_POINT('',#2748);
#2748 = CARTESIAN_POINT('',(29.99999714,-2.2500008,5.));
#2749 = LINE('',#2750,#2751);
#2750 = CARTESIAN_POINT('',(29.99999714,-2.2500008,3.));
#2751 = VECTOR('',#2752,1.);
#2752 = DIRECTION('',(0.,0.,1.));
#2753 = ORIENTED_EDGE('',*,*,#2754,.T.);
#2754 = EDGE_CURVE('',#2747,#2755,#2757,.T.);
#2755 = VERTEX_POINT('',#2756);
#2756 = CARTESIAN_POINT('',(35.99999714,-2.2500008,5.));
#2757 = LINE('',#2758,#2759);
#2758 = CARTESIAN_POINT('',(29.99999714,-2.2500008,5.));
#2759 = VECTOR('',#2760,1.);
#2760 = DIRECTION('',(1.,0.,0.));
#2761 = ORIENTED_EDGE('',*,*,#2762,.F.);
#2762 = EDGE_CURVE('',#1468,#2755,#2763,.T.);
#2763 = LINE('',#2764,#2765);
#2764 = CARTESIAN_POINT('',(35.99999714,-2.2500008,3.));
#2765 = VECTOR('',#2766,1.);
#2766 = DIRECTION('',(0.,0.,1.));
#2767 = ORIENTED_EDGE('',*,*,#1465,.F.);
#2768 = PLANE('',#2769);
#2769 = AXIS2_PLACEMENT_3D('',#2770,#2771,#2772);
#2770 = CARTESIAN_POINT('',(29.99999714,-2.2500008,3.));
#2771 = DIRECTION('',(0.,1.,0.));
#2772 = DIRECTION('',(1.,0.,0.));
#2773 = ADVANCED_FACE('',(#2774),#2792,.F.);
#2774 = FACE_BOUND('',#2775,.F.);
#2775 = EDGE_LOOP('',(#2776,#2784,#2790,#2791));
#2776 = ORIENTED_EDGE('',*,*,#2777,.T.);
#2777 = EDGE_CURVE('',#1476,#2778,#2780,.T.);
#2778 = VERTEX_POINT('',#2779);
#2779 = CARTESIAN_POINT('',(29.99999714,3.7499992,5.));
#2780 = LINE('',#2781,#2782);
#2781 = CARTESIAN_POINT('',(29.99999714,3.7499992,3.));
#2782 = VECTOR('',#2783,1.);
#2783 = DIRECTION('',(0.,0.,1.));
#2784 = ORIENTED_EDGE('',*,*,#2785,.T.);
#2785 = EDGE_CURVE('',#2778,#2747,#2786,.T.);
#2786 = LINE('',#2787,#2788);
#2787 = CARTESIAN_POINT('',(29.99999714,3.7499992,5.));
#2788 = VECTOR('',#2789,1.);
#2789 = DIRECTION('',(0.,-1.,0.));
#2790 = ORIENTED_EDGE('',*,*,#2746,.F.);
#2791 = ORIENTED_EDGE('',*,*,#1475,.F.);
#2792 = PLANE('',#2793);
#2793 = AXIS2_PLACEMENT_3D('',#2794,#2795,#2796);
#2794 = CARTESIAN_POINT('',(29.99999714,3.7499992,3.));
#2795 = DIRECTION('',(1.,0.,0.));
#2796 = DIRECTION('',(0.,-1.,0.));
#2797 = ADVANCED_FACE('',(#2798),#2816,.F.);
#2798 = FACE_BOUND('',#2799,.F.);
#2799 = EDGE_LOOP('',(#2800,#2801,#2809,#2815));
#2800 = ORIENTED_EDGE('',*,*,#2762,.T.);
#2801 = ORIENTED_EDGE('',*,*,#2802,.T.);
#2802 = EDGE_CURVE('',#2755,#2803,#2805,.T.);
#2803 = VERTEX_POINT('',#2804);
#2804 = CARTESIAN_POINT('',(35.99999714,3.7499992,5.));
#2805 = LINE('',#2806,#2807);
#2806 = CARTESIAN_POINT('',(35.99999714,-2.2500008,5.));
#2807 = VECTOR('',#2808,1.);
#2808 = DIRECTION('',(0.,1.,0.));
#2809 = ORIENTED_EDGE('',*,*,#2810,.F.);
#2810 = EDGE_CURVE('',#1484,#2803,#2811,.T.);
#2811 = LINE('',#2812,#2813);
#2812 = CARTESIAN_POINT('',(35.99999714,3.7499992,3.));
#2813 = VECTOR('',#2814,1.);
#2814 = DIRECTION('',(0.,0.,1.));
#2815 = ORIENTED_EDGE('',*,*,#1491,.F.);
#2816 = PLANE('',#2817);
#2817 = AXIS2_PLACEMENT_3D('',#2818,#2819,#2820);
#2818 = CARTESIAN_POINT('',(35.99999714,-2.2500008,3.));
#2819 = DIRECTION('',(-1.,0.,0.));
#2820 = DIRECTION('',(0.,1.,0.));
#2821 = ADVANCED_FACE('',(#2822),#2833,.F.);
#2822 = FACE_BOUND('',#2823,.F.);
#2823 = EDGE_LOOP('',(#2824,#2825,#2831,#2832));
#2824 = ORIENTED_EDGE('',*,*,#2810,.T.);
#2825 = ORIENTED_EDGE('',*,*,#2826,.T.);
#2826 = EDGE_CURVE('',#2803,#2778,#2827,.T.);
#2827 = LINE('',#2828,#2829);
#2828 = CARTESIAN_POINT('',(35.99999714,3.7499992,5.));
#2829 = VECTOR('',#2830,1.);
#2830 = DIRECTION('',(-1.,0.,0.));
#2831 = ORIENTED_EDGE('',*,*,#2777,.F.);
#2832 = ORIENTED_EDGE('',*,*,#1483,.F.);
#2833 = PLANE('',#2834);
#2834 = AXIS2_PLACEMENT_3D('',#2835,#2836,#2837);
#2835 = CARTESIAN_POINT('',(35.99999714,3.7499992,3.));
#2836 = DIRECTION('',(0.,-1.,0.));
#2837 = DIRECTION('',(-1.,0.,0.));
#2838 = ADVANCED_FACE('',(#2839),#2864,.F.);
#2839 = FACE_BOUND('',#2840,.F.);
#2840 = EDGE_LOOP('',(#2841,#2849,#2857,#2863));
#2841 = ORIENTED_EDGE('',*,*,#2842,.T.);
#2842 = EDGE_CURVE('',#1500,#2843,#2845,.T.);
#2843 = VERTEX_POINT('',#2844);
#2844 = CARTESIAN_POINT('',(29.99999714,39.74999902,5.));
#2845 = LINE('',#2846,#2847);
#2846 = CARTESIAN_POINT('',(29.99999714,39.74999902,3.));
#2847 = VECTOR('',#2848,1.);
#2848 = DIRECTION('',(0.,0.,1.));
#2849 = ORIENTED_EDGE('',*,*,#2850,.T.);
#2850 = EDGE_CURVE('',#2843,#2851,#2853,.T.);
#2851 = VERTEX_POINT('',#2852);
#2852 = CARTESIAN_POINT('',(35.99999714,39.74999902,5.));
#2853 = LINE('',#2854,#2855);
#2854 = CARTESIAN_POINT('',(29.99999714,39.74999902,5.));
#2855 = VECTOR('',#2856,1.);
#2856 = DIRECTION('',(1.,0.,0.));
#2857 = ORIENTED_EDGE('',*,*,#2858,.F.);
#2858 = EDGE_CURVE('',#1502,#2851,#2859,.T.);
#2859 = LINE('',#2860,#2861);
#2860 = CARTESIAN_POINT('',(35.99999714,39.74999902,3.));
#2861 = VECTOR('',#2862,1.);
#2862 = DIRECTION('',(0.,0.,1.));
#2863 = ORIENTED_EDGE('',*,*,#1499,.F.);
#2864 = PLANE('',#2865);
#2865 = AXIS2_PLACEMENT_3D('',#2866,#2867,#2868);
#2866 = CARTESIAN_POINT('',(29.99999714,39.74999902,3.));
#2867 = DIRECTION('',(0.,1.,0.));
#2868 = DIRECTION('',(1.,0.,0.));
#2869 = ADVANCED_FACE('',(#2870),#2888,.F.);
#2870 = FACE_BOUND('',#2871,.F.);
#2871 = EDGE_LOOP('',(#2872,#2880,#2886,#2887));
#2872 = ORIENTED_EDGE('',*,*,#2873,.T.);
#2873 = EDGE_CURVE('',#1510,#2874,#2876,.T.);
#2874 = VERTEX_POINT('',#2875);
#2875 = CARTESIAN_POINT('',(29.99999714,45.74999902,5.));
#2876 = LINE('',#2877,#2878);
#2877 = CARTESIAN_POINT('',(29.99999714,45.74999902,3.));
#2878 = VECTOR('',#2879,1.);
#2879 = DIRECTION('',(0.,0.,1.));
#2880 = ORIENTED_EDGE('',*,*,#2881,.T.);
#2881 = EDGE_CURVE('',#2874,#2843,#2882,.T.);
#2882 = LINE('',#2883,#2884);
#2883 = CARTESIAN_POINT('',(29.99999714,45.74999902,5.));
#2884 = VECTOR('',#2885,1.);
#2885 = DIRECTION('',(0.,-1.,0.));
#2886 = ORIENTED_EDGE('',*,*,#2842,.F.);
#2887 = ORIENTED_EDGE('',*,*,#1509,.F.);
#2888 = PLANE('',#2889);
#2889 = AXIS2_PLACEMENT_3D('',#2890,#2891,#2892);
#2890 = CARTESIAN_POINT('',(29.99999714,45.74999902,3.));
#2891 = DIRECTION('',(1.,0.,0.));
#2892 = DIRECTION('',(0.,-1.,0.));
#2893 = ADVANCED_FACE('',(#2894),#2912,.F.);
#2894 = FACE_BOUND('',#2895,.F.);
#2895 = EDGE_LOOP('',(#2896,#2897,#2905,#2911));
#2896 = ORIENTED_EDGE('',*,*,#2858,.T.);
#2897 = ORIENTED_EDGE('',*,*,#2898,.T.);
#2898 = EDGE_CURVE('',#2851,#2899,#2901,.T.);
#2899 = VERTEX_POINT('',#2900);
#2900 = CARTESIAN_POINT('',(35.99999714,45.74999902,5.));
#2901 = LINE('',#2902,#2903);
#2902 = CARTESIAN_POINT('',(35.99999714,39.74999902,5.));
#2903 = VECTOR('',#2904,1.);
#2904 = DIRECTION('',(0.,1.,0.));
#2905 = ORIENTED_EDGE('',*,*,#2906,.F.);
#2906 = EDGE_CURVE('',#1518,#2899,#2907,.T.);
#2907 = LINE('',#2908,#2909);
#2908 = CARTESIAN_POINT('',(35.99999714,45.74999902,3.));
#2909 = VECTOR('',#2910,1.);
#2910 = DIRECTION('',(0.,0.,1.));
#2911 = ORIENTED_EDGE('',*,*,#1525,.F.);
#2912 = PLANE('',#2913);
#2913 = AXIS2_PLACEMENT_3D('',#2914,#2915,#2916);
#2914 = CARTESIAN_POINT('',(35.99999714,39.74999902,3.));
#2915 = DIRECTION('',(-1.,0.,0.));
#2916 = DIRECTION('',(0.,1.,0.));
#2917 = ADVANCED_FACE('',(#2918),#2929,.F.);
#2918 = FACE_BOUND('',#2919,.F.);
#2919 = EDGE_LOOP('',(#2920,#2921,#2927,#2928));
#2920 = ORIENTED_EDGE('',*,*,#2906,.T.);
#2921 = ORIENTED_EDGE('',*,*,#2922,.T.);
#2922 = EDGE_CURVE('',#2899,#2874,#2923,.T.);
#2923 = LINE('',#2924,#2925);
#2924 = CARTESIAN_POINT('',(35.99999714,45.74999902,5.));
#2925 = VECTOR('',#2926,1.);
#2926 = DIRECTION('',(-1.,0.,0.));
#2927 = ORIENTED_EDGE('',*,*,#2873,.F.);
#2928 = ORIENTED_EDGE('',*,*,#1517,.F.);
#2929 = PLANE('',#2930);
#2930 = AXIS2_PLACEMENT_3D('',#2931,#2932,#2933);
#2931 = CARTESIAN_POINT('',(35.99999714,45.74999902,3.));
#2932 = DIRECTION('',(0.,-1.,0.));
#2933 = DIRECTION('',(-1.,0.,0.));
#2934 = ADVANCED_FACE('',(#2935,#2969),#2972,.T.);
#2935 = FACE_BOUND('',#2936,.T.);
#2936 = EDGE_LOOP('',(#2937,#2947,#2955,#2963));
#2937 = ORIENTED_EDGE('',*,*,#2938,.T.);
#2938 = EDGE_CURVE('',#2939,#2941,#2943,.T.);
#2939 = VERTEX_POINT('',#2940);
#2940 = CARTESIAN_POINT('',(8.55,-30.27,1.));
#2941 = VERTEX_POINT('',#2942);
#2942 = CARTESIAN_POINT('',(8.55,-35.87,1.));
#2943 = LINE('',#2944,#2945);
#2944 = CARTESIAN_POINT('',(8.55,-30.27,1.));
#2945 = VECTOR('',#2946,1.);
#2946 = DIRECTION('',(0.,-1.,0.));
#2947 = ORIENTED_EDGE('',*,*,#2948,.T.);
#2948 = EDGE_CURVE('',#2941,#2949,#2951,.T.);
#2949 = VERTEX_POINT('',#2950);
#2950 = CARTESIAN_POINT('',(12.35,-35.87,1.));
#2951 = LINE('',#2952,#2953);
#2952 = CARTESIAN_POINT('',(8.55,-35.87,1.));
#2953 = VECTOR('',#2954,1.);
#2954 = DIRECTION('',(1.,0.,0.));
#2955 = ORIENTED_EDGE('',*,*,#2956,.T.);
#2956 = EDGE_CURVE('',#2949,#2957,#2959,.T.);
#2957 = VERTEX_POINT('',#2958);
#2958 = CARTESIAN_POINT('',(12.35,-30.27,1.));
#2959 = LINE('',#2960,#2961);
#2960 = CARTESIAN_POINT('',(12.35,-35.87,1.));
#2961 = VECTOR('',#2962,1.);
#2962 = DIRECTION('',(0.,1.,0.));
#2963 = ORIENTED_EDGE('',*,*,#2964,.T.);
#2964 = EDGE_CURVE('',#2957,#2939,#2965,.T.);
#2965 = LINE('',#2966,#2967);
#2966 = CARTESIAN_POINT('',(12.35,-30.27,1.));
#2967 = VECTOR('',#2968,1.);
#2968 = DIRECTION('',(-1.,0.,0.));
#2969 = FACE_BOUND('',#2970,.T.);
#2970 = EDGE_LOOP('',(#2971));
#2971 = ORIENTED_EDGE('',*,*,#1638,.F.);
#2972 = PLANE('',#2973);
#2973 = AXIS2_PLACEMENT_3D('',#2974,#2975,#2976);
#2974 = CARTESIAN_POINT('',(-17.95391198044,-33.07,1.));
#2975 = DIRECTION('',(0.,0.,1.));
#2976 = DIRECTION('',(1.,0.,0.));
#2977 = ADVANCED_FACE('',(#2978,#2984,#2995,#3006,#3017,#3184),#3195,.T.
  );
#2978 = FACE_BOUND('',#2979,.T.);
#2979 = EDGE_LOOP('',(#2980,#2981,#2982,#2983));
#2980 = ORIENTED_EDGE('',*,*,#2274,.T.);
#2981 = ORIENTED_EDGE('',*,*,#2322,.T.);
#2982 = ORIENTED_EDGE('',*,*,#2346,.T.);
#2983 = ORIENTED_EDGE('',*,*,#2305,.T.);
#2984 = FACE_BOUND('',#2985,.T.);
#2985 = EDGE_LOOP('',(#2986));
#2986 = ORIENTED_EDGE('',*,*,#2987,.F.);
#2987 = EDGE_CURVE('',#2988,#2988,#2990,.T.);
#2988 = VERTEX_POINT('',#2989);
#2989 = CARTESIAN_POINT('',(-29.96,-41.96,4.));
#2990 = CIRCLE('',#2991,1.5);
#2991 = AXIS2_PLACEMENT_3D('',#2992,#2993,#2994);
#2992 = CARTESIAN_POINT('',(-31.46,-41.96,4.));
#2993 = DIRECTION('',(0.,0.,1.));
#2994 = DIRECTION('',(1.,0.,0.));
#2995 = FACE_BOUND('',#2996,.T.);
#2996 = EDGE_LOOP('',(#2997));
#2997 = ORIENTED_EDGE('',*,*,#2998,.F.);
#2998 = EDGE_CURVE('',#2999,#2999,#3001,.T.);
#2999 = VERTEX_POINT('',#3000);
#3000 = CARTESIAN_POINT('',(15.61,-42.658,4.));
#3001 = CIRCLE('',#3002,1.35);
#3002 = AXIS2_PLACEMENT_3D('',#3003,#3004,#3005);
#3003 = CARTESIAN_POINT('',(14.26,-42.658,4.));
#3004 = DIRECTION('',(0.,0.,1.));
#3005 = DIRECTION('',(1.,0.,0.));
#3006 = FACE_BOUND('',#3007,.T.);
#3007 = EDGE_LOOP('',(#3008));
#3008 = ORIENTED_EDGE('',*,*,#3009,.F.);
#3009 = EDGE_CURVE('',#3010,#3010,#3012,.T.);
#3010 = VERTEX_POINT('',#3011);
#3011 = CARTESIAN_POINT('',(-29.96,-24.18,4.));
#3012 = CIRCLE('',#3013,1.5);
#3013 = AXIS2_PLACEMENT_3D('',#3014,#3015,#3016);
#3014 = CARTESIAN_POINT('',(-31.46,-24.18,4.));
#3015 = DIRECTION('',(0.,0.,1.));
#3016 = DIRECTION('',(1.,0.,0.));
#3017 = FACE_BOUND('',#3018,.T.);
#3018 = EDGE_LOOP('',(#3019,#3020,#3028,#3036,#3044,#3050,#3051,#3059,
    #3067,#3075,#3083,#3091,#3099,#3107,#3115,#3123,#3131,#3139,#3147,
    #3155,#3161,#3162,#3170,#3178));
#3019 = ORIENTED_EDGE('',*,*,#1663,.F.);
#3020 = ORIENTED_EDGE('',*,*,#3021,.T.);
#3021 = EDGE_CURVE('',#1664,#3022,#3024,.T.);
#3022 = VERTEX_POINT('',#3023);
#3023 = CARTESIAN_POINT('',(-29.18,-28.585,4.));
#3024 = LINE('',#3025,#3026);
#3025 = CARTESIAN_POINT('',(-23.68,-28.585,4.));
#3026 = VECTOR('',#3027,1.);
#3027 = DIRECTION('',(-1.,0.,0.));
#3028 = ORIENTED_EDGE('',*,*,#3029,.T.);
#3029 = EDGE_CURVE('',#3022,#3030,#3032,.T.);
#3030 = VERTEX_POINT('',#3031);
#3031 = CARTESIAN_POINT('',(-29.18,-23.585,4.));
#3032 = LINE('',#3033,#3034);
#3033 = CARTESIAN_POINT('',(-29.18,-28.585,4.));
#3034 = VECTOR('',#3035,1.);
#3035 = DIRECTION('',(0.,1.,0.));
#3036 = ORIENTED_EDGE('',*,*,#3037,.T.);
#3037 = EDGE_CURVE('',#3030,#3038,#3040,.T.);
#3038 = VERTEX_POINT('',#3039);
#3039 = CARTESIAN_POINT('',(-23.68,-23.585,4.));
#3040 = LINE('',#3041,#3042);
#3041 = CARTESIAN_POINT('',(-29.18,-23.585,4.));
#3042 = VECTOR('',#3043,1.);
#3043 = DIRECTION('',(1.,0.,0.));
#3044 = ORIENTED_EDGE('',*,*,#3045,.T.);
#3045 = EDGE_CURVE('',#3038,#1801,#3046,.T.);
#3046 = LINE('',#3047,#3048);
#3047 = CARTESIAN_POINT('',(-23.68,-23.585,4.));
#3048 = VECTOR('',#3049,1.);
#3049 = DIRECTION('',(0.,-1.,0.));
#3050 = ORIENTED_EDGE('',*,*,#1798,.F.);
#3051 = ORIENTED_EDGE('',*,*,#3052,.F.);
#3052 = EDGE_CURVE('',#3053,#1799,#3055,.T.);
#3053 = VERTEX_POINT('',#3054);
#3054 = CARTESIAN_POINT('',(-20.89,-21.465,4.));
#3055 = LINE('',#3056,#3057);
#3056 = CARTESIAN_POINT('',(-20.89,-21.465,4.));
#3057 = VECTOR('',#3058,1.);
#3058 = DIRECTION('',(0.,-1.,0.));
#3059 = ORIENTED_EDGE('',*,*,#3060,.F.);
#3060 = EDGE_CURVE('',#3061,#3053,#3063,.T.);
#3061 = VERTEX_POINT('',#3062);
#3062 = CARTESIAN_POINT('',(12.35,-21.465,4.));
#3063 = LINE('',#3064,#3065);
#3064 = CARTESIAN_POINT('',(12.35,-21.465,4.));
#3065 = VECTOR('',#3066,1.);
#3066 = DIRECTION('',(-1.,0.,0.));
#3067 = ORIENTED_EDGE('',*,*,#3068,.F.);
#3068 = EDGE_CURVE('',#3069,#3061,#3071,.T.);
#3069 = VERTEX_POINT('',#3070);
#3070 = CARTESIAN_POINT('',(12.35,-23.965,4.));
#3071 = LINE('',#3072,#3073);
#3072 = CARTESIAN_POINT('',(12.35,-23.965,4.));
#3073 = VECTOR('',#3074,1.);
#3074 = DIRECTION('',(0.,1.,0.));
#3075 = ORIENTED_EDGE('',*,*,#3076,.F.);
#3076 = EDGE_CURVE('',#3077,#3069,#3079,.T.);
#3077 = VERTEX_POINT('',#3078);
#3078 = CARTESIAN_POINT('',(8.69,-23.965,4.));
#3079 = LINE('',#3080,#3081);
#3080 = CARTESIAN_POINT('',(8.69,-23.965,4.));
#3081 = VECTOR('',#3082,1.);
#3082 = DIRECTION('',(1.,0.,0.));
#3083 = ORIENTED_EDGE('',*,*,#3084,.F.);
#3084 = EDGE_CURVE('',#3085,#3077,#3087,.T.);
#3085 = VERTEX_POINT('',#3086);
#3086 = CARTESIAN_POINT('',(8.69,-30.27,4.));
#3087 = LINE('',#3088,#3089);
#3088 = CARTESIAN_POINT('',(8.69,-42.435,4.));
#3089 = VECTOR('',#3090,1.);
#3090 = DIRECTION('',(0.,1.,0.));
#3091 = ORIENTED_EDGE('',*,*,#3092,.F.);
#3092 = EDGE_CURVE('',#3093,#3085,#3095,.T.);
#3093 = VERTEX_POINT('',#3094);
#3094 = CARTESIAN_POINT('',(12.35,-30.27,4.));
#3095 = LINE('',#3096,#3097);
#3096 = CARTESIAN_POINT('',(12.35,-30.27,4.));
#3097 = VECTOR('',#3098,1.);
#3098 = DIRECTION('',(-1.,0.,0.));
#3099 = ORIENTED_EDGE('',*,*,#3100,.F.);
#3100 = EDGE_CURVE('',#3101,#3093,#3103,.T.);
#3101 = VERTEX_POINT('',#3102);
#3102 = CARTESIAN_POINT('',(12.35,-35.87,4.));
#3103 = LINE('',#3104,#3105);
#3104 = CARTESIAN_POINT('',(12.35,-35.87,4.));
#3105 = VECTOR('',#3106,1.);
#3106 = DIRECTION('',(0.,1.,0.));
#3107 = ORIENTED_EDGE('',*,*,#3108,.F.);
#3108 = EDGE_CURVE('',#3109,#3101,#3111,.T.);
#3109 = VERTEX_POINT('',#3110);
#3110 = CARTESIAN_POINT('',(8.69,-35.87,4.));
#3111 = LINE('',#3112,#3113);
#3112 = CARTESIAN_POINT('',(8.55,-35.87,4.));
#3113 = VECTOR('',#3114,1.);
#3114 = DIRECTION('',(1.,0.,0.));
#3115 = ORIENTED_EDGE('',*,*,#3116,.F.);
#3116 = EDGE_CURVE('',#3117,#3109,#3119,.T.);
#3117 = VERTEX_POINT('',#3118);
#3118 = CARTESIAN_POINT('',(8.69,-42.435,4.));
#3119 = LINE('',#3120,#3121);
#3120 = CARTESIAN_POINT('',(8.69,-42.435,4.));
#3121 = VECTOR('',#3122,1.);
#3122 = DIRECTION('',(0.,1.,0.));
#3123 = ORIENTED_EDGE('',*,*,#3124,.F.);
#3124 = EDGE_CURVE('',#3125,#3117,#3127,.T.);
#3125 = VERTEX_POINT('',#3126);
#3126 = CARTESIAN_POINT('',(12.35,-42.435,4.));
#3127 = LINE('',#3128,#3129);
#3128 = CARTESIAN_POINT('',(12.35,-42.435,4.));
#3129 = VECTOR('',#3130,1.);
#3130 = DIRECTION('',(-1.,0.,0.));
#3131 = ORIENTED_EDGE('',*,*,#3132,.F.);
#3132 = EDGE_CURVE('',#3133,#3125,#3135,.T.);
#3133 = VERTEX_POINT('',#3134);
#3134 = CARTESIAN_POINT('',(12.35,-44.935,4.));
#3135 = LINE('',#3136,#3137);
#3136 = CARTESIAN_POINT('',(12.35,-44.935,4.));
#3137 = VECTOR('',#3138,1.);
#3138 = DIRECTION('',(0.,1.,0.));
#3139 = ORIENTED_EDGE('',*,*,#3140,.F.);
#3140 = EDGE_CURVE('',#3141,#3133,#3143,.T.);
#3141 = VERTEX_POINT('',#3142);
#3142 = CARTESIAN_POINT('',(-29.18,-44.935,4.));
#3143 = LINE('',#3144,#3145);
#3144 = CARTESIAN_POINT('',(-29.18,-44.935,4.));
#3145 = VECTOR('',#3146,1.);
#3146 = DIRECTION('',(1.,0.,0.));
#3147 = ORIENTED_EDGE('',*,*,#3148,.F.);
#3148 = EDGE_CURVE('',#3149,#3141,#3151,.T.);
#3149 = VERTEX_POINT('',#3150);
#3150 = CARTESIAN_POINT('',(-29.18,-37.555,4.));
#3151 = LINE('',#3152,#3153);
#3152 = CARTESIAN_POINT('',(-29.18,-42.435,4.));
#3153 = VECTOR('',#3154,1.);
#3154 = DIRECTION('',(0.,-1.,0.));
#3155 = ORIENTED_EDGE('',*,*,#3156,.T.);
#3156 = EDGE_CURVE('',#3149,#1713,#3157,.T.);
#3157 = LINE('',#3158,#3159);
#3158 = CARTESIAN_POINT('',(-29.18,-37.555,4.));
#3159 = VECTOR('',#3160,1.);
#3160 = DIRECTION('',(1.,0.,0.));
#3161 = ORIENTED_EDGE('',*,*,#1720,.F.);
#3162 = ORIENTED_EDGE('',*,*,#3163,.T.);
#3163 = EDGE_CURVE('',#1721,#3164,#3166,.T.);
#3164 = VERTEX_POINT('',#3165);
#3165 = CARTESIAN_POINT('',(-29.18,-35.57,4.));
#3166 = LINE('',#3167,#3168);
#3167 = CARTESIAN_POINT('',(-23.68,-35.57,4.));
#3168 = VECTOR('',#3169,1.);
#3169 = DIRECTION('',(-1.,0.,0.));
#3170 = ORIENTED_EDGE('',*,*,#3171,.T.);
#3171 = EDGE_CURVE('',#3164,#3172,#3174,.T.);
#3172 = VERTEX_POINT('',#3173);
#3173 = CARTESIAN_POINT('',(-29.18,-30.57,4.));
#3174 = LINE('',#3175,#3176);
#3175 = CARTESIAN_POINT('',(-29.18,-35.57,4.));
#3176 = VECTOR('',#3177,1.);
#3177 = DIRECTION('',(0.,1.,0.));
#3178 = ORIENTED_EDGE('',*,*,#3179,.T.);
#3179 = EDGE_CURVE('',#3172,#1666,#3180,.T.);
#3180 = LINE('',#3181,#3182);
#3181 = CARTESIAN_POINT('',(-29.18,-30.57,4.));
#3182 = VECTOR('',#3183,1.);
#3183 = DIRECTION('',(1.,0.,0.));
#3184 = FACE_BOUND('',#3185,.T.);
#3185 = EDGE_LOOP('',(#3186));
#3186 = ORIENTED_EDGE('',*,*,#3187,.F.);
#3187 = EDGE_CURVE('',#3188,#3188,#3190,.T.);
#3188 = VERTEX_POINT('',#3189);
#3189 = CARTESIAN_POINT('',(15.61,-23.545,4.));
#3190 = CIRCLE('',#3191,1.35);
#3191 = AXIS2_PLACEMENT_3D('',#3192,#3193,#3194);
#3192 = CARTESIAN_POINT('',(14.26,-23.545,4.));
#3193 = DIRECTION('',(0.,0.,1.));
#3194 = DIRECTION('',(1.,0.,0.));
#3195 = PLANE('',#3196);
#3196 = AXIS2_PLACEMENT_3D('',#3197,#3198,#3199);
#3197 = CARTESIAN_POINT('',(-8.5,-33.,4.));
#3198 = DIRECTION('',(0.,0.,1.));
#3199 = DIRECTION('',(1.,0.,0.));
#3200 = ADVANCED_FACE('',(#3201),#3219,.T.);
#3201 = FACE_BOUND('',#3202,.T.);
#3202 = EDGE_LOOP('',(#3203,#3204,#3212,#3218));
#3203 = ORIENTED_EDGE('',*,*,#3179,.F.);
#3204 = ORIENTED_EDGE('',*,*,#3205,.T.);
#3205 = EDGE_CURVE('',#3172,#3206,#3208,.T.);
#3206 = VERTEX_POINT('',#3207);
#3207 = CARTESIAN_POINT('',(-29.18,-30.57,1.));
#3208 = LINE('',#3209,#3210);
#3209 = CARTESIAN_POINT('',(-29.18,-30.57,4.));
#3210 = VECTOR('',#3211,1.);
#3211 = DIRECTION('',(-0.,-0.,-1.));
#3212 = ORIENTED_EDGE('',*,*,#3213,.T.);
#3213 = EDGE_CURVE('',#3206,#1737,#3214,.T.);
#3214 = LINE('',#3215,#3216);
#3215 = CARTESIAN_POINT('',(-29.18,-30.57,1.));
#3216 = VECTOR('',#3217,1.);
#3217 = DIRECTION('',(1.,0.,0.));
#3218 = ORIENTED_EDGE('',*,*,#1744,.T.);
#3219 = PLANE('',#3220);
#3220 = AXIS2_PLACEMENT_3D('',#3221,#3222,#3223);
#3221 = CARTESIAN_POINT('',(-29.18,-30.57,4.));
#3222 = DIRECTION('',(0.,-1.,0.));
#3223 = DIRECTION('',(1.,0.,0.));
#3224 = ADVANCED_FACE('',(#3225,#3243),#3246,.T.);
#3225 = FACE_BOUND('',#3226,.T.);
#3226 = EDGE_LOOP('',(#3227,#3235,#3241,#3242));
#3227 = ORIENTED_EDGE('',*,*,#3228,.F.);
#3228 = EDGE_CURVE('',#3229,#3206,#3231,.T.);
#3229 = VERTEX_POINT('',#3230);
#3230 = CARTESIAN_POINT('',(-29.18,-35.57,1.));
#3231 = LINE('',#3232,#3233);
#3232 = CARTESIAN_POINT('',(-29.18,-35.57,1.));
#3233 = VECTOR('',#3234,1.);
#3234 = DIRECTION('',(0.,1.,0.));
#3235 = ORIENTED_EDGE('',*,*,#3236,.F.);
#3236 = EDGE_CURVE('',#1729,#3229,#3237,.T.);
#3237 = LINE('',#3238,#3239);
#3238 = CARTESIAN_POINT('',(-23.68,-35.57,1.));
#3239 = VECTOR('',#3240,1.);
#3240 = DIRECTION('',(-1.,0.,0.));
#3241 = ORIENTED_EDGE('',*,*,#1736,.T.);
#3242 = ORIENTED_EDGE('',*,*,#3213,.F.);
#3243 = FACE_BOUND('',#3244,.T.);
#3244 = EDGE_LOOP('',(#3245));
#3245 = ORIENTED_EDGE('',*,*,#1896,.F.);
#3246 = PLANE('',#3247);
#3247 = AXIS2_PLACEMENT_3D('',#3248,#3249,#3250);
#3248 = CARTESIAN_POINT('',(-17.95391198044,-33.07,1.));
#3249 = DIRECTION('',(0.,0.,1.));
#3250 = DIRECTION('',(1.,0.,0.));
#3251 = ADVANCED_FACE('',(#3252),#3263,.T.);
#3252 = FACE_BOUND('',#3253,.T.);
#3253 = EDGE_LOOP('',(#3254,#3255,#3256,#3257));
#3254 = ORIENTED_EDGE('',*,*,#3163,.F.);
#3255 = ORIENTED_EDGE('',*,*,#1728,.T.);
#3256 = ORIENTED_EDGE('',*,*,#3236,.T.);
#3257 = ORIENTED_EDGE('',*,*,#3258,.F.);
#3258 = EDGE_CURVE('',#3164,#3229,#3259,.T.);
#3259 = LINE('',#3260,#3261);
#3260 = CARTESIAN_POINT('',(-29.18,-35.57,4.));
#3261 = VECTOR('',#3262,1.);
#3262 = DIRECTION('',(-0.,-0.,-1.));
#3263 = PLANE('',#3264);
#3264 = AXIS2_PLACEMENT_3D('',#3265,#3266,#3267);
#3265 = CARTESIAN_POINT('',(-23.68,-35.57,4.));
#3266 = DIRECTION('',(0.,1.,0.));
#3267 = DIRECTION('',(-1.,0.,0.));
#3268 = ADVANCED_FACE('',(#3269),#3287,.T.);
#3269 = FACE_BOUND('',#3270,.T.);
#3270 = EDGE_LOOP('',(#3271,#3272,#3280,#3286));
#3271 = ORIENTED_EDGE('',*,*,#3156,.F.);
#3272 = ORIENTED_EDGE('',*,*,#3273,.T.);
#3273 = EDGE_CURVE('',#3149,#3274,#3276,.T.);
#3274 = VERTEX_POINT('',#3275);
#3275 = CARTESIAN_POINT('',(-29.18,-37.555,1.));
#3276 = LINE('',#3277,#3278);
#3277 = CARTESIAN_POINT('',(-29.18,-37.555,4.));
#3278 = VECTOR('',#3279,1.);
#3279 = DIRECTION('',(-0.,-0.,-1.));
#3280 = ORIENTED_EDGE('',*,*,#3281,.T.);
#3281 = EDGE_CURVE('',#3274,#1705,#3282,.T.);
#3282 = LINE('',#3283,#3284);
#3283 = CARTESIAN_POINT('',(-29.18,-37.555,1.));
#3284 = VECTOR('',#3285,1.);
#3285 = DIRECTION('',(1.,0.,0.));
#3286 = ORIENTED_EDGE('',*,*,#1712,.T.);
#3287 = PLANE('',#3288);
#3288 = AXIS2_PLACEMENT_3D('',#3289,#3290,#3291);
#3289 = CARTESIAN_POINT('',(-29.18,-37.555,4.));
#3290 = DIRECTION('',(0.,-1.,0.));
#3291 = DIRECTION('',(1.,0.,0.));
#3292 = ADVANCED_FACE('',(#3293,#3320),#3323,.T.);
#3293 = FACE_BOUND('',#3294,.T.);
#3294 = EDGE_LOOP('',(#3295,#3303,#3311,#3317,#3318,#3319));
#3295 = ORIENTED_EDGE('',*,*,#3296,.F.);
#3296 = EDGE_CURVE('',#3297,#3274,#3299,.T.);
#3297 = VERTEX_POINT('',#3298);
#3298 = CARTESIAN_POINT('',(-29.18,-42.555,1.));
#3299 = LINE('',#3300,#3301);
#3300 = CARTESIAN_POINT('',(-29.18,-42.555,1.));
#3301 = VECTOR('',#3302,1.);
#3302 = DIRECTION('',(0.,1.,0.));
#3303 = ORIENTED_EDGE('',*,*,#3304,.F.);
#3304 = EDGE_CURVE('',#3305,#3297,#3307,.T.);
#3305 = VERTEX_POINT('',#3306);
#3306 = CARTESIAN_POINT('',(-23.67999999999,-42.555,1.));
#3307 = LINE('',#3308,#3309);
#3308 = CARTESIAN_POINT('',(-23.67999999999,-42.555,1.));
#3309 = VECTOR('',#3310,1.);
#3310 = DIRECTION('',(-1.,0.,0.));
#3311 = ORIENTED_EDGE('',*,*,#3312,.F.);
#3312 = EDGE_CURVE('',#1769,#3305,#3313,.T.);
#3313 = LINE('',#3314,#3315);
#3314 = CARTESIAN_POINT('',(-23.67999999999,-37.555,1.));
#3315 = VECTOR('',#3316,1.);
#3316 = DIRECTION('',(0.,-1.,0.));
#3317 = ORIENTED_EDGE('',*,*,#1776,.T.);
#3318 = ORIENTED_EDGE('',*,*,#1704,.T.);
#3319 = ORIENTED_EDGE('',*,*,#3281,.F.);
#3320 = FACE_BOUND('',#3321,.T.);
#3321 = EDGE_LOOP('',(#3322));
#3322 = ORIENTED_EDGE('',*,*,#1871,.F.);
#3323 = PLANE('',#3324);
#3324 = AXIS2_PLACEMENT_3D('',#3325,#3326,#3327);
#3325 = CARTESIAN_POINT('',(-17.95391198044,-33.07,1.));
#3326 = DIRECTION('',(0.,0.,1.));
#3327 = DIRECTION('',(1.,0.,0.));
#3328 = ADVANCED_FACE('',(#3329,#3363),#3366,.T.);
#3329 = FACE_BOUND('',#3330,.T.);
#3330 = EDGE_LOOP('',(#3331,#3341,#3347,#3348,#3349,#3357));
#3331 = ORIENTED_EDGE('',*,*,#3332,.F.);
#3332 = EDGE_CURVE('',#3333,#3335,#3337,.T.);
#3333 = VERTEX_POINT('',#3334);
#3334 = CARTESIAN_POINT('',(-29.18,-28.585,1.));
#3335 = VERTEX_POINT('',#3336);
#3336 = CARTESIAN_POINT('',(-29.18,-23.585,1.));
#3337 = LINE('',#3338,#3339);
#3338 = CARTESIAN_POINT('',(-29.18,-28.585,1.));
#3339 = VECTOR('',#3340,1.);
#3340 = DIRECTION('',(0.,1.,0.));
#3341 = ORIENTED_EDGE('',*,*,#3342,.F.);
#3342 = EDGE_CURVE('',#1674,#3333,#3343,.T.);
#3343 = LINE('',#3344,#3345);
#3344 = CARTESIAN_POINT('',(-23.68,-28.585,1.));
#3345 = VECTOR('',#3346,1.);
#3346 = DIRECTION('',(-1.,0.,0.));
#3347 = ORIENTED_EDGE('',*,*,#1681,.T.);
#3348 = ORIENTED_EDGE('',*,*,#1832,.T.);
#3349 = ORIENTED_EDGE('',*,*,#3350,.F.);
#3350 = EDGE_CURVE('',#3351,#1833,#3353,.T.);
#3351 = VERTEX_POINT('',#3352);
#3352 = CARTESIAN_POINT('',(-23.68,-23.585,1.));
#3353 = LINE('',#3354,#3355);
#3354 = CARTESIAN_POINT('',(-23.68,-23.585,1.));
#3355 = VECTOR('',#3356,1.);
#3356 = DIRECTION('',(0.,-1.,0.));
#3357 = ORIENTED_EDGE('',*,*,#3358,.F.);
#3358 = EDGE_CURVE('',#3335,#3351,#3359,.T.);
#3359 = LINE('',#3360,#3361);
#3360 = CARTESIAN_POINT('',(-29.18,-23.585,1.));
#3361 = VECTOR('',#3362,1.);
#3362 = DIRECTION('',(1.,0.,0.));
#3363 = FACE_BOUND('',#3364,.T.);
#3364 = EDGE_LOOP('',(#3365));
#3365 = ORIENTED_EDGE('',*,*,#1921,.F.);
#3366 = PLANE('',#3367);
#3367 = AXIS2_PLACEMENT_3D('',#3368,#3369,#3370);
#3368 = CARTESIAN_POINT('',(-17.95391198044,-33.07,1.));
#3369 = DIRECTION('',(0.,0.,1.));
#3370 = DIRECTION('',(1.,0.,0.));
#3371 = ADVANCED_FACE('',(#3372),#3383,.T.);
#3372 = FACE_BOUND('',#3373,.T.);
#3373 = EDGE_LOOP('',(#3374,#3375,#3376,#3377));
#3374 = ORIENTED_EDGE('',*,*,#3021,.F.);
#3375 = ORIENTED_EDGE('',*,*,#1673,.T.);
#3376 = ORIENTED_EDGE('',*,*,#3342,.T.);
#3377 = ORIENTED_EDGE('',*,*,#3378,.F.);
#3378 = EDGE_CURVE('',#3022,#3333,#3379,.T.);
#3379 = LINE('',#3380,#3381);
#3380 = CARTESIAN_POINT('',(-29.18,-28.585,4.));
#3381 = VECTOR('',#3382,1.);
#3382 = DIRECTION('',(-0.,-0.,-1.));
#3383 = PLANE('',#3384);
#3384 = AXIS2_PLACEMENT_3D('',#3385,#3386,#3387);
#3385 = CARTESIAN_POINT('',(-23.68,-28.585,4.));
#3386 = DIRECTION('',(0.,1.,0.));
#3387 = DIRECTION('',(-1.,0.,0.));
#3388 = ADVANCED_FACE('',(#3389),#3512,.T.);
#3389 = FACE_BOUND('',#3390,.T.);
#3390 = EDGE_LOOP('',(#3391,#3401,#3409,#3415,#3416,#3417,#3418,#3426,
    #3434,#3442,#3450,#3458,#3466,#3474,#3482,#3490,#3498,#3506));
#3391 = ORIENTED_EDGE('',*,*,#3392,.T.);
#3392 = EDGE_CURVE('',#3393,#3395,#3397,.T.);
#3393 = VERTEX_POINT('',#3394);
#3394 = CARTESIAN_POINT('',(12.35,-23.965,2.));
#3395 = VERTEX_POINT('',#3396);
#3396 = CARTESIAN_POINT('',(12.35,-21.465,2.));
#3397 = LINE('',#3398,#3399);
#3398 = CARTESIAN_POINT('',(12.35,-23.965,2.));
#3399 = VECTOR('',#3400,1.);
#3400 = DIRECTION('',(0.,1.,0.));
#3401 = ORIENTED_EDGE('',*,*,#3402,.T.);
#3402 = EDGE_CURVE('',#3395,#3403,#3405,.T.);
#3403 = VERTEX_POINT('',#3404);
#3404 = CARTESIAN_POINT('',(-20.89,-21.465,2.));
#3405 = LINE('',#3406,#3407);
#3406 = CARTESIAN_POINT('',(12.35,-21.465,2.));
#3407 = VECTOR('',#3408,1.);
#3408 = DIRECTION('',(-1.,0.,0.));
#3409 = ORIENTED_EDGE('',*,*,#3410,.T.);
#3410 = EDGE_CURVE('',#3403,#1809,#3411,.T.);
#3411 = LINE('',#3412,#3413);
#3412 = CARTESIAN_POINT('',(-20.89,-21.465,2.));
#3413 = VECTOR('',#3414,1.);
#3414 = DIRECTION('',(0.,-1.,0.));
#3415 = ORIENTED_EDGE('',*,*,#1816,.T.);
#3416 = ORIENTED_EDGE('',*,*,#1854,.T.);
#3417 = ORIENTED_EDGE('',*,*,#1758,.T.);
#3418 = ORIENTED_EDGE('',*,*,#3419,.F.);
#3419 = EDGE_CURVE('',#3420,#1761,#3422,.T.);
#3420 = VERTEX_POINT('',#3421);
#3421 = CARTESIAN_POINT('',(-23.67999999999,-42.555,2.));
#3422 = LINE('',#3423,#3424);
#3423 = CARTESIAN_POINT('',(-23.67999999999,-35.83866643675,2.));
#3424 = VECTOR('',#3425,1.);
#3425 = DIRECTION('',(0.,1.,0.));
#3426 = ORIENTED_EDGE('',*,*,#3427,.F.);
#3427 = EDGE_CURVE('',#3428,#3420,#3430,.T.);
#3428 = VERTEX_POINT('',#3429);
#3429 = CARTESIAN_POINT('',(-29.18,-42.555,2.));
#3430 = LINE('',#3431,#3432);
#3431 = CARTESIAN_POINT('',(-14.10187367359,-42.555,2.));
#3432 = VECTOR('',#3433,1.);
#3433 = DIRECTION('',(1.,0.,0.));
#3434 = ORIENTED_EDGE('',*,*,#3435,.T.);
#3435 = EDGE_CURVE('',#3428,#3436,#3438,.T.);
#3436 = VERTEX_POINT('',#3437);
#3437 = CARTESIAN_POINT('',(-29.18,-44.935,2.));
#3438 = LINE('',#3439,#3440);
#3439 = CARTESIAN_POINT('',(-29.18,-42.435,2.));
#3440 = VECTOR('',#3441,1.);
#3441 = DIRECTION('',(0.,-1.,0.));
#3442 = ORIENTED_EDGE('',*,*,#3443,.T.);
#3443 = EDGE_CURVE('',#3436,#3444,#3446,.T.);
#3444 = VERTEX_POINT('',#3445);
#3445 = CARTESIAN_POINT('',(12.35,-44.935,2.));
#3446 = LINE('',#3447,#3448);
#3447 = CARTESIAN_POINT('',(-29.18,-44.935,2.));
#3448 = VECTOR('',#3449,1.);
#3449 = DIRECTION('',(1.,0.,0.));
#3450 = ORIENTED_EDGE('',*,*,#3451,.T.);
#3451 = EDGE_CURVE('',#3444,#3452,#3454,.T.);
#3452 = VERTEX_POINT('',#3453);
#3453 = CARTESIAN_POINT('',(12.35,-42.435,2.));
#3454 = LINE('',#3455,#3456);
#3455 = CARTESIAN_POINT('',(12.35,-44.935,2.));
#3456 = VECTOR('',#3457,1.);
#3457 = DIRECTION('',(0.,1.,0.));
#3458 = ORIENTED_EDGE('',*,*,#3459,.T.);
#3459 = EDGE_CURVE('',#3452,#3460,#3462,.T.);
#3460 = VERTEX_POINT('',#3461);
#3461 = CARTESIAN_POINT('',(8.69,-42.435,2.));
#3462 = LINE('',#3463,#3464);
#3463 = CARTESIAN_POINT('',(12.35,-42.435,2.));
#3464 = VECTOR('',#3465,1.);
#3465 = DIRECTION('',(-1.,0.,0.));
#3466 = ORIENTED_EDGE('',*,*,#3467,.T.);
#3467 = EDGE_CURVE('',#3460,#3468,#3470,.T.);
#3468 = VERTEX_POINT('',#3469);
#3469 = CARTESIAN_POINT('',(8.69,-35.87,2.));
#3470 = LINE('',#3471,#3472);
#3471 = CARTESIAN_POINT('',(8.69,-42.435,2.));
#3472 = VECTOR('',#3473,1.);
#3473 = DIRECTION('',(0.,1.,0.));
#3474 = ORIENTED_EDGE('',*,*,#3475,.T.);
#3475 = EDGE_CURVE('',#3468,#3476,#3478,.T.);
#3476 = VERTEX_POINT('',#3477);
#3477 = CARTESIAN_POINT('',(8.55,-35.87,2.));
#3478 = LINE('',#3479,#3480);
#3479 = CARTESIAN_POINT('',(2.013126326401,-35.87,2.));
#3480 = VECTOR('',#3481,1.);
#3481 = DIRECTION('',(-1.,0.,0.));
#3482 = ORIENTED_EDGE('',*,*,#3483,.T.);
#3483 = EDGE_CURVE('',#3476,#3484,#3486,.T.);
#3484 = VERTEX_POINT('',#3485);
#3485 = CARTESIAN_POINT('',(8.55,-30.27,2.));
#3486 = LINE('',#3487,#3488);
#3487 = CARTESIAN_POINT('',(8.55,-32.19616643675,2.));
#3488 = VECTOR('',#3489,1.);
#3489 = DIRECTION('',(0.,1.,0.));
#3490 = ORIENTED_EDGE('',*,*,#3491,.T.);
#3491 = EDGE_CURVE('',#3484,#3492,#3494,.T.);
#3492 = VERTEX_POINT('',#3493);
#3493 = CARTESIAN_POINT('',(8.69,-30.27,2.));
#3494 = LINE('',#3495,#3496);
#3495 = CARTESIAN_POINT('',(3.913126326401,-30.27,2.));
#3496 = VECTOR('',#3497,1.);
#3497 = DIRECTION('',(1.,0.,0.));
#3498 = ORIENTED_EDGE('',*,*,#3499,.T.);
#3499 = EDGE_CURVE('',#3492,#3500,#3502,.T.);
#3500 = VERTEX_POINT('',#3501);
#3501 = CARTESIAN_POINT('',(8.69,-23.965,2.));
#3502 = LINE('',#3503,#3504);
#3503 = CARTESIAN_POINT('',(8.69,-42.435,2.));
#3504 = VECTOR('',#3505,1.);
#3505 = DIRECTION('',(0.,1.,0.));
#3506 = ORIENTED_EDGE('',*,*,#3507,.T.);
#3507 = EDGE_CURVE('',#3500,#3393,#3508,.T.);
#3508 = LINE('',#3509,#3510);
#3509 = CARTESIAN_POINT('',(8.69,-23.965,2.));
#3510 = VECTOR('',#3511,1.);
#3511 = DIRECTION('',(1.,0.,0.));
#3512 = PLANE('',#3513);
#3513 = AXIS2_PLACEMENT_3D('',#3514,#3515,#3516);
#3514 = CARTESIAN_POINT('',(-4.523747347199,-34.12233287351,2.));
#3515 = DIRECTION('',(0.,0.,1.));
#3516 = DIRECTION('',(1.,0.,0.));
#3517 = ADVANCED_FACE('',(#3518),#3529,.T.);
#3518 = FACE_BOUND('',#3519,.T.);
#3519 = EDGE_LOOP('',(#3520,#3521,#3522,#3523));
#3520 = ORIENTED_EDGE('',*,*,#3419,.T.);
#3521 = ORIENTED_EDGE('',*,*,#1768,.T.);
#3522 = ORIENTED_EDGE('',*,*,#3312,.T.);
#3523 = ORIENTED_EDGE('',*,*,#3524,.F.);
#3524 = EDGE_CURVE('',#3420,#3305,#3525,.T.);
#3525 = LINE('',#3526,#3527);
#3526 = CARTESIAN_POINT('',(-23.67999999999,-42.555,4.));
#3527 = VECTOR('',#3528,1.);
#3528 = DIRECTION('',(-0.,-0.,-1.));
#3529 = PLANE('',#3530);
#3530 = AXIS2_PLACEMENT_3D('',#3531,#3532,#3533);
#3531 = CARTESIAN_POINT('',(-23.67999999999,-37.555,4.));
#3532 = DIRECTION('',(-1.,0.,0.));
#3533 = DIRECTION('',(0.,-1.,0.));
#3534 = ADVANCED_FACE('',(#3535),#3546,.T.);
#3535 = FACE_BOUND('',#3536,.T.);
#3536 = EDGE_LOOP('',(#3537,#3538,#3544,#3545));
#3537 = ORIENTED_EDGE('',*,*,#3045,.F.);
#3538 = ORIENTED_EDGE('',*,*,#3539,.T.);
#3539 = EDGE_CURVE('',#3038,#3351,#3540,.T.);
#3540 = LINE('',#3541,#3542);
#3541 = CARTESIAN_POINT('',(-23.68,-23.585,4.));
#3542 = VECTOR('',#3543,1.);
#3543 = DIRECTION('',(-0.,-0.,-1.));
#3544 = ORIENTED_EDGE('',*,*,#3350,.T.);
#3545 = ORIENTED_EDGE('',*,*,#1840,.T.);
#3546 = PLANE('',#3547);
#3547 = AXIS2_PLACEMENT_3D('',#3548,#3549,#3550);
#3548 = CARTESIAN_POINT('',(-23.68,-23.585,4.));
#3549 = DIRECTION('',(-1.,0.,0.));
#3550 = DIRECTION('',(0.,-1.,0.));
#3551 = ADVANCED_FACE('',(#3552),#3563,.F.);
#3552 = FACE_BOUND('',#3553,.F.);
#3553 = EDGE_LOOP('',(#3554,#3560,#3561,#3562));
#3554 = ORIENTED_EDGE('',*,*,#3555,.T.);
#3555 = EDGE_CURVE('',#3053,#3403,#3556,.T.);
#3556 = LINE('',#3557,#3558);
#3557 = CARTESIAN_POINT('',(-20.89,-21.465,4.));
#3558 = VECTOR('',#3559,1.);
#3559 = DIRECTION('',(-0.,-0.,-1.));
#3560 = ORIENTED_EDGE('',*,*,#3410,.T.);
#3561 = ORIENTED_EDGE('',*,*,#1808,.F.);
#3562 = ORIENTED_EDGE('',*,*,#3052,.F.);
#3563 = PLANE('',#3564);
#3564 = AXIS2_PLACEMENT_3D('',#3565,#3566,#3567);
#3565 = CARTESIAN_POINT('',(-20.89,-21.465,4.));
#3566 = DIRECTION('',(-1.,0.,0.));
#3567 = DIRECTION('',(0.,-1.,0.));
#3568 = ADVANCED_FACE('',(#3569),#3575,.T.);
#3569 = FACE_BOUND('',#3570,.T.);
#3570 = EDGE_LOOP('',(#3571,#3572,#3573,#3574));
#3571 = ORIENTED_EDGE('',*,*,#1998,.T.);
#3572 = ORIENTED_EDGE('',*,*,#2202,.T.);
#3573 = ORIENTED_EDGE('',*,*,#2226,.T.);
#3574 = ORIENTED_EDGE('',*,*,#2250,.T.);
#3575 = PLANE('',#3576);
#3576 = AXIS2_PLACEMENT_3D('',#3577,#3578,#3579);
#3577 = CARTESIAN_POINT('',(30.099562757764,24.,1.5));
#3578 = DIRECTION('',(0.,0.,1.));
#3579 = DIRECTION('',(1.,0.,0.));
#3580 = ADVANCED_FACE('',(#3581,#3587),#3598,.T.);
#3581 = FACE_BOUND('',#3582,.T.);
#3582 = EDGE_LOOP('',(#3583,#3584,#3585,#3586));
#3583 = ORIENTED_EDGE('',*,*,#2370,.T.);
#3584 = ORIENTED_EDGE('',*,*,#2418,.T.);
#3585 = ORIENTED_EDGE('',*,*,#2442,.T.);
#3586 = ORIENTED_EDGE('',*,*,#2401,.T.);
#3587 = FACE_BOUND('',#3588,.T.);
#3588 = EDGE_LOOP('',(#3589));
#3589 = ORIENTED_EDGE('',*,*,#3590,.F.);
#3590 = EDGE_CURVE('',#3591,#3591,#3593,.T.);
#3591 = VERTEX_POINT('',#3592);
#3592 = CARTESIAN_POINT('',(37.7465076,-23.78729906298,6.));
#3593 = CIRCLE('',#3594,1.5);
#3594 = AXIS2_PLACEMENT_3D('',#3595,#3596,#3597);
#3595 = CARTESIAN_POINT('',(36.2465076,-23.78729906298,6.));
#3596 = DIRECTION('',(0.,0.,1.));
#3597 = DIRECTION('',(1.,0.,0.));
#3598 = PLANE('',#3599);
#3599 = AXIS2_PLACEMENT_3D('',#3600,#3601,#3602);
#3600 = CARTESIAN_POINT('',(31.7465076,-16.28729906298,6.));
#3601 = DIRECTION('',(0.,0.,1.));
#3602 = DIRECTION('',(1.,0.,0.));
#3603 = ADVANCED_FACE('',(#3604,#3610),#3621,.T.);
#3604 = FACE_BOUND('',#3605,.T.);
#3605 = EDGE_LOOP('',(#3606,#3607,#3608,#3609));
#3606 = ORIENTED_EDGE('',*,*,#2514,.F.);
#3607 = ORIENTED_EDGE('',*,*,#2466,.F.);
#3608 = ORIENTED_EDGE('',*,*,#2497,.F.);
#3609 = ORIENTED_EDGE('',*,*,#2538,.F.);
#3610 = FACE_BOUND('',#3611,.T.);
#3611 = EDGE_LOOP('',(#3612));
#3612 = ORIENTED_EDGE('',*,*,#3613,.F.);
#3613 = EDGE_CURVE('',#3614,#3614,#3616,.T.);
#3614 = VERTEX_POINT('',#3615);
#3615 = CARTESIAN_POINT('',(37.7465076,-8.787299062989,6.));
#3616 = CIRCLE('',#3617,1.5);
#3617 = AXIS2_PLACEMENT_3D('',#3618,#3619,#3620);
#3618 = CARTESIAN_POINT('',(36.2465076,-8.787299062989,6.));
#3619 = DIRECTION('',(0.,0.,1.));
#3620 = DIRECTION('',(1.,0.,0.));
#3621 = PLANE('',#3622);
#3622 = AXIS2_PLACEMENT_3D('',#3623,#3624,#3625);
#3623 = CARTESIAN_POINT('',(31.7465076,-16.28729906298,6.));
#3624 = DIRECTION('',(0.,0.,1.));
#3625 = DIRECTION('',(1.,0.,0.));
#3626 = ADVANCED_FACE('',(#3627,#3633),#3644,.T.);
#3627 = FACE_BOUND('',#3628,.T.);
#3628 = EDGE_LOOP('',(#3629,#3630,#3631,#3632));
#3629 = ORIENTED_EDGE('',*,*,#2562,.T.);
#3630 = ORIENTED_EDGE('',*,*,#2610,.T.);
#3631 = ORIENTED_EDGE('',*,*,#2634,.T.);
#3632 = ORIENTED_EDGE('',*,*,#2593,.T.);
#3633 = FACE_BOUND('',#3634,.T.);
#3634 = EDGE_LOOP('',(#3635));
#3635 = ORIENTED_EDGE('',*,*,#3636,.F.);
#3636 = EDGE_CURVE('',#3637,#3637,#3639,.T.);
#3637 = VERTEX_POINT('',#3638);
#3638 = CARTESIAN_POINT('',(-43.09999672,0.7499992,5.));
#3639 = CIRCLE('',#3640,1.9);
#3640 = AXIS2_PLACEMENT_3D('',#3641,#3642,#3643);
#3641 = CARTESIAN_POINT('',(-44.99999672,0.7499992,5.));
#3642 = DIRECTION('',(0.,0.,1.));
#3643 = DIRECTION('',(1.,0.,0.));
#3644 = PLANE('',#3645);
#3645 = AXIS2_PLACEMENT_3D('',#3646,#3647,#3648);
#3646 = CARTESIAN_POINT('',(-5.99999979,21.74999911,5.));
#3647 = DIRECTION('',(0.,0.,1.));
#3648 = DIRECTION('',(1.,0.,0.));
#3649 = ADVANCED_FACE('',(#3650,#3656),#3667,.T.);
#3650 = FACE_BOUND('',#3651,.T.);
#3651 = EDGE_LOOP('',(#3652,#3653,#3654,#3655));
#3652 = ORIENTED_EDGE('',*,*,#2658,.T.);
#3653 = ORIENTED_EDGE('',*,*,#2706,.T.);
#3654 = ORIENTED_EDGE('',*,*,#2730,.T.);
#3655 = ORIENTED_EDGE('',*,*,#2689,.T.);
#3656 = FACE_BOUND('',#3657,.T.);
#3657 = EDGE_LOOP('',(#3658));
#3658 = ORIENTED_EDGE('',*,*,#3659,.F.);
#3659 = EDGE_CURVE('',#3660,#3660,#3662,.T.);
#3660 = VERTEX_POINT('',#3661);
#3661 = CARTESIAN_POINT('',(-43.09999672,42.74999902,5.));
#3662 = CIRCLE('',#3663,1.9);
#3663 = AXIS2_PLACEMENT_3D('',#3664,#3665,#3666);
#3664 = CARTESIAN_POINT('',(-44.99999672,42.74999902,5.));
#3665 = DIRECTION('',(0.,0.,1.));
#3666 = DIRECTION('',(1.,0.,0.));
#3667 = PLANE('',#3668);
#3668 = AXIS2_PLACEMENT_3D('',#3669,#3670,#3671);
#3669 = CARTESIAN_POINT('',(-5.99999979,21.74999911,5.));
#3670 = DIRECTION('',(0.,0.,1.));
#3671 = DIRECTION('',(1.,0.,0.));
#3672 = ADVANCED_FACE('',(#3673,#3679),#3690,.T.);
#3673 = FACE_BOUND('',#3674,.T.);
#3674 = EDGE_LOOP('',(#3675,#3676,#3677,#3678));
#3675 = ORIENTED_EDGE('',*,*,#2754,.T.);
#3676 = ORIENTED_EDGE('',*,*,#2802,.T.);
#3677 = ORIENTED_EDGE('',*,*,#2826,.T.);
#3678 = ORIENTED_EDGE('',*,*,#2785,.T.);
#3679 = FACE_BOUND('',#3680,.T.);
#3680 = EDGE_LOOP('',(#3681));
#3681 = ORIENTED_EDGE('',*,*,#3682,.F.);
#3682 = EDGE_CURVE('',#3683,#3683,#3685,.T.);
#3683 = VERTEX_POINT('',#3684);
#3684 = CARTESIAN_POINT('',(34.89999714,0.7499992,5.));
#3685 = CIRCLE('',#3686,1.9);
#3686 = AXIS2_PLACEMENT_3D('',#3687,#3688,#3689);
#3687 = CARTESIAN_POINT('',(32.99999714,0.7499992,5.));
#3688 = DIRECTION('',(0.,0.,1.));
#3689 = DIRECTION('',(1.,0.,0.));
#3690 = PLANE('',#3691);
#3691 = AXIS2_PLACEMENT_3D('',#3692,#3693,#3694);
#3692 = CARTESIAN_POINT('',(-5.99999979,21.74999911,5.));
#3693 = DIRECTION('',(0.,0.,1.));
#3694 = DIRECTION('',(1.,0.,0.));
#3695 = ADVANCED_FACE('',(#3696,#3702),#3713,.T.);
#3696 = FACE_BOUND('',#3697,.T.);
#3697 = EDGE_LOOP('',(#3698,#3699,#3700,#3701));
#3698 = ORIENTED_EDGE('',*,*,#2850,.T.);
#3699 = ORIENTED_EDGE('',*,*,#2898,.T.);
#3700 = ORIENTED_EDGE('',*,*,#2922,.T.);
#3701 = ORIENTED_EDGE('',*,*,#2881,.T.);
#3702 = FACE_BOUND('',#3703,.T.);
#3703 = EDGE_LOOP('',(#3704));
#3704 = ORIENTED_EDGE('',*,*,#3705,.F.);
#3705 = EDGE_CURVE('',#3706,#3706,#3708,.T.);
#3706 = VERTEX_POINT('',#3707);
#3707 = CARTESIAN_POINT('',(34.89999714,42.74999902,5.));
#3708 = CIRCLE('',#3709,1.9);
#3709 = AXIS2_PLACEMENT_3D('',#3710,#3711,#3712);
#3710 = CARTESIAN_POINT('',(32.99999714,42.74999902,5.));
#3711 = DIRECTION('',(0.,0.,1.));
#3712 = DIRECTION('',(1.,0.,0.));
#3713 = PLANE('',#3714);
#3714 = AXIS2_PLACEMENT_3D('',#3715,#3716,#3717);
#3715 = CARTESIAN_POINT('',(-5.99999979,21.74999911,5.));
#3716 = DIRECTION('',(0.,0.,1.));
#3717 = DIRECTION('',(1.,0.,0.));
#3718 = ADVANCED_FACE('',(#3719),#3735,.F.);
#3719 = FACE_BOUND('',#3720,.F.);
#3720 = EDGE_LOOP('',(#3721,#3722,#3728,#3729));
#3721 = ORIENTED_EDGE('',*,*,#3483,.T.);
#3722 = ORIENTED_EDGE('',*,*,#3723,.T.);
#3723 = EDGE_CURVE('',#3484,#2939,#3724,.T.);
#3724 = LINE('',#3725,#3726);
#3725 = CARTESIAN_POINT('',(8.55,-30.27,4.));
#3726 = VECTOR('',#3727,1.);
#3727 = DIRECTION('',(-0.,-0.,-1.));
#3728 = ORIENTED_EDGE('',*,*,#2938,.T.);
#3729 = ORIENTED_EDGE('',*,*,#3730,.F.);
#3730 = EDGE_CURVE('',#3476,#2941,#3731,.T.);
#3731 = LINE('',#3732,#3733);
#3732 = CARTESIAN_POINT('',(8.55,-35.87,4.));
#3733 = VECTOR('',#3734,1.);
#3734 = DIRECTION('',(-0.,-0.,-1.));
#3735 = PLANE('',#3736);
#3736 = AXIS2_PLACEMENT_3D('',#3737,#3738,#3739);
#3737 = CARTESIAN_POINT('',(8.55,-30.27,4.));
#3738 = DIRECTION('',(-1.,0.,0.));
#3739 = DIRECTION('',(0.,-1.,0.));
#3740 = ADVANCED_FACE('',(#3741),#3759,.F.);
#3741 = FACE_BOUND('',#3742,.F.);
#3742 = EDGE_LOOP('',(#3743,#3744,#3750,#3751,#3752,#3753));
#3743 = ORIENTED_EDGE('',*,*,#3092,.F.);
#3744 = ORIENTED_EDGE('',*,*,#3745,.T.);
#3745 = EDGE_CURVE('',#3093,#2957,#3746,.T.);
#3746 = LINE('',#3747,#3748);
#3747 = CARTESIAN_POINT('',(12.35,-30.27,4.));
#3748 = VECTOR('',#3749,1.);
#3749 = DIRECTION('',(-0.,-0.,-1.));
#3750 = ORIENTED_EDGE('',*,*,#2964,.T.);
#3751 = ORIENTED_EDGE('',*,*,#3723,.F.);
#3752 = ORIENTED_EDGE('',*,*,#3491,.T.);
#3753 = ORIENTED_EDGE('',*,*,#3754,.F.);
#3754 = EDGE_CURVE('',#3085,#3492,#3755,.T.);
#3755 = LINE('',#3756,#3757);
#3756 = CARTESIAN_POINT('',(8.69,-30.27,4.));
#3757 = VECTOR('',#3758,1.);
#3758 = DIRECTION('',(0.,0.,-1.));
#3759 = PLANE('',#3760);
#3760 = AXIS2_PLACEMENT_3D('',#3761,#3762,#3763);
#3761 = CARTESIAN_POINT('',(12.35,-30.27,4.));
#3762 = DIRECTION('',(0.,1.,0.));
#3763 = DIRECTION('',(-1.,0.,0.));
#3764 = ADVANCED_FACE('',(#3765),#3783,.F.);
#3765 = FACE_BOUND('',#3766,.F.);
#3766 = EDGE_LOOP('',(#3767,#3768,#3769,#3770,#3776,#3777));
#3767 = ORIENTED_EDGE('',*,*,#3475,.T.);
#3768 = ORIENTED_EDGE('',*,*,#3730,.T.);
#3769 = ORIENTED_EDGE('',*,*,#2948,.T.);
#3770 = ORIENTED_EDGE('',*,*,#3771,.F.);
#3771 = EDGE_CURVE('',#3101,#2949,#3772,.T.);
#3772 = LINE('',#3773,#3774);
#3773 = CARTESIAN_POINT('',(12.35,-35.87,4.));
#3774 = VECTOR('',#3775,1.);
#3775 = DIRECTION('',(-0.,-0.,-1.));
#3776 = ORIENTED_EDGE('',*,*,#3108,.F.);
#3777 = ORIENTED_EDGE('',*,*,#3778,.F.);
#3778 = EDGE_CURVE('',#3468,#3109,#3779,.T.);
#3779 = LINE('',#3780,#3781);
#3780 = CARTESIAN_POINT('',(8.69,-35.87,4.));
#3781 = VECTOR('',#3782,1.);
#3782 = DIRECTION('',(0.,0.,1.));
#3783 = PLANE('',#3784);
#3784 = AXIS2_PLACEMENT_3D('',#3785,#3786,#3787);
#3785 = CARTESIAN_POINT('',(8.55,-35.87,4.));
#3786 = DIRECTION('',(0.,-1.,0.));
#3787 = DIRECTION('',(1.,0.,0.));
#3788 = ADVANCED_FACE('',(#3789),#3795,.F.);
#3789 = FACE_BOUND('',#3790,.F.);
#3790 = EDGE_LOOP('',(#3791,#3792,#3793,#3794));
#3791 = ORIENTED_EDGE('',*,*,#3771,.T.);
#3792 = ORIENTED_EDGE('',*,*,#2956,.T.);
#3793 = ORIENTED_EDGE('',*,*,#3745,.F.);
#3794 = ORIENTED_EDGE('',*,*,#3100,.F.);
#3795 = PLANE('',#3796);
#3796 = AXIS2_PLACEMENT_3D('',#3797,#3798,#3799);
#3797 = CARTESIAN_POINT('',(12.35,-35.87,4.));
#3798 = DIRECTION('',(1.,0.,0.));
#3799 = DIRECTION('',(0.,1.,0.));
#3800 = ADVANCED_FACE('',(#3801),#3820,.F.);
#3801 = FACE_BOUND('',#3802,.F.);
#3802 = EDGE_LOOP('',(#3803,#3811,#3818,#3819));
#3803 = ORIENTED_EDGE('',*,*,#3804,.T.);
#3804 = EDGE_CURVE('',#2988,#3805,#3807,.T.);
#3805 = VERTEX_POINT('',#3806);
#3806 = CARTESIAN_POINT('',(-29.96,-41.96,0.5));
#3807 = LINE('',#3808,#3809);
#3808 = CARTESIAN_POINT('',(-29.96,-41.96,4.));
#3809 = VECTOR('',#3810,1.);
#3810 = DIRECTION('',(-0.,-0.,-1.));
#3811 = ORIENTED_EDGE('',*,*,#3812,.T.);
#3812 = EDGE_CURVE('',#3805,#3805,#3813,.T.);
#3813 = CIRCLE('',#3814,1.5);
#3814 = AXIS2_PLACEMENT_3D('',#3815,#3816,#3817);
#3815 = CARTESIAN_POINT('',(-31.46,-41.96,0.5));
#3816 = DIRECTION('',(0.,0.,1.));
#3817 = DIRECTION('',(1.,0.,0.));
#3818 = ORIENTED_EDGE('',*,*,#3804,.F.);
#3819 = ORIENTED_EDGE('',*,*,#2987,.F.);
#3820 = CYLINDRICAL_SURFACE('',#3821,1.5);
#3821 = AXIS2_PLACEMENT_3D('',#3822,#3823,#3824);
#3822 = CARTESIAN_POINT('',(-31.46,-41.96,4.));
#3823 = DIRECTION('',(0.,0.,1.));
#3824 = DIRECTION('',(1.,0.,0.));
#3825 = ADVANCED_FACE('',(#3826),#3845,.F.);
#3826 = FACE_BOUND('',#3827,.F.);
#3827 = EDGE_LOOP('',(#3828,#3836,#3843,#3844));
#3828 = ORIENTED_EDGE('',*,*,#3829,.T.);
#3829 = EDGE_CURVE('',#2999,#3830,#3832,.T.);
#3830 = VERTEX_POINT('',#3831);
#3831 = CARTESIAN_POINT('',(15.61,-42.658,0.5));
#3832 = LINE('',#3833,#3834);
#3833 = CARTESIAN_POINT('',(15.61,-42.658,4.));
#3834 = VECTOR('',#3835,1.);
#3835 = DIRECTION('',(-0.,-0.,-1.));
#3836 = ORIENTED_EDGE('',*,*,#3837,.T.);
#3837 = EDGE_CURVE('',#3830,#3830,#3838,.T.);
#3838 = CIRCLE('',#3839,1.35);
#3839 = AXIS2_PLACEMENT_3D('',#3840,#3841,#3842);
#3840 = CARTESIAN_POINT('',(14.26,-42.658,0.5));
#3841 = DIRECTION('',(0.,0.,1.));
#3842 = DIRECTION('',(1.,0.,0.));
#3843 = ORIENTED_EDGE('',*,*,#3829,.F.);
#3844 = ORIENTED_EDGE('',*,*,#2998,.F.);
#3845 = CYLINDRICAL_SURFACE('',#3846,1.35);
#3846 = AXIS2_PLACEMENT_3D('',#3847,#3848,#3849);
#3847 = CARTESIAN_POINT('',(14.26,-42.658,4.));
#3848 = DIRECTION('',(0.,0.,1.));
#3849 = DIRECTION('',(1.,0.,0.));
#3850 = ADVANCED_FACE('',(#3851),#3870,.F.);
#3851 = FACE_BOUND('',#3852,.F.);
#3852 = EDGE_LOOP('',(#3853,#3861,#3868,#3869));
#3853 = ORIENTED_EDGE('',*,*,#3854,.T.);
#3854 = EDGE_CURVE('',#3010,#3855,#3857,.T.);
#3855 = VERTEX_POINT('',#3856);
#3856 = CARTESIAN_POINT('',(-29.96,-24.18,0.5));
#3857 = LINE('',#3858,#3859);
#3858 = CARTESIAN_POINT('',(-29.96,-24.18,4.));
#3859 = VECTOR('',#3860,1.);
#3860 = DIRECTION('',(-0.,-0.,-1.));
#3861 = ORIENTED_EDGE('',*,*,#3862,.T.);
#3862 = EDGE_CURVE('',#3855,#3855,#3863,.T.);
#3863 = CIRCLE('',#3864,1.5);
#3864 = AXIS2_PLACEMENT_3D('',#3865,#3866,#3867);
#3865 = CARTESIAN_POINT('',(-31.46,-24.18,0.5));
#3866 = DIRECTION('',(0.,0.,1.));
#3867 = DIRECTION('',(1.,0.,0.));
#3868 = ORIENTED_EDGE('',*,*,#3854,.F.);
#3869 = ORIENTED_EDGE('',*,*,#3009,.F.);
#3870 = CYLINDRICAL_SURFACE('',#3871,1.5);
#3871 = AXIS2_PLACEMENT_3D('',#3872,#3873,#3874);
#3872 = CARTESIAN_POINT('',(-31.46,-24.18,4.));
#3873 = DIRECTION('',(0.,0.,1.));
#3874 = DIRECTION('',(1.,0.,0.));
#3875 = ADVANCED_FACE('',(#3876),#3882,.T.);
#3876 = FACE_BOUND('',#3877,.T.);
#3877 = EDGE_LOOP('',(#3878,#3879,#3880,#3881));
#3878 = ORIENTED_EDGE('',*,*,#3258,.T.);
#3879 = ORIENTED_EDGE('',*,*,#3228,.T.);
#3880 = ORIENTED_EDGE('',*,*,#3205,.F.);
#3881 = ORIENTED_EDGE('',*,*,#3171,.F.);
#3882 = PLANE('',#3883);
#3883 = AXIS2_PLACEMENT_3D('',#3884,#3885,#3886);
#3884 = CARTESIAN_POINT('',(-29.18,-35.57,4.));
#3885 = DIRECTION('',(1.,0.,0.));
#3886 = DIRECTION('',(0.,1.,0.));
#3887 = ADVANCED_FACE('',(#3888),#3906,.T.);
#3888 = FACE_BOUND('',#3889,.T.);
#3889 = EDGE_LOOP('',(#3890,#3891,#3897,#3898,#3904,#3905));
#3890 = ORIENTED_EDGE('',*,*,#3148,.T.);
#3891 = ORIENTED_EDGE('',*,*,#3892,.T.);
#3892 = EDGE_CURVE('',#3141,#3436,#3893,.T.);
#3893 = LINE('',#3894,#3895);
#3894 = CARTESIAN_POINT('',(-29.18,-44.935,4.));
#3895 = VECTOR('',#3896,1.);
#3896 = DIRECTION('',(-0.,-0.,-1.));
#3897 = ORIENTED_EDGE('',*,*,#3435,.F.);
#3898 = ORIENTED_EDGE('',*,*,#3899,.T.);
#3899 = EDGE_CURVE('',#3428,#3297,#3900,.T.);
#3900 = LINE('',#3901,#3902);
#3901 = CARTESIAN_POINT('',(-29.18,-42.555,4.));
#3902 = VECTOR('',#3903,1.);
#3903 = DIRECTION('',(-0.,-0.,-1.));
#3904 = ORIENTED_EDGE('',*,*,#3296,.T.);
#3905 = ORIENTED_EDGE('',*,*,#3273,.F.);
#3906 = PLANE('',#3907);
#3907 = AXIS2_PLACEMENT_3D('',#3908,#3909,#3910);
#3908 = CARTESIAN_POINT('',(-29.18,-41.13035645472,2.614643545279));
#3909 = DIRECTION('',(1.,0.,0.));
#3910 = DIRECTION('',(0.,0.,1.));
#3911 = ADVANCED_FACE('',(#3912),#3923,.F.);
#3912 = FACE_BOUND('',#3913,.F.);
#3913 = EDGE_LOOP('',(#3914,#3915,#3916,#3922));
#3914 = ORIENTED_EDGE('',*,*,#3892,.T.);
#3915 = ORIENTED_EDGE('',*,*,#3443,.T.);
#3916 = ORIENTED_EDGE('',*,*,#3917,.F.);
#3917 = EDGE_CURVE('',#3133,#3444,#3918,.T.);
#3918 = LINE('',#3919,#3920);
#3919 = CARTESIAN_POINT('',(12.35,-44.935,4.));
#3920 = VECTOR('',#3921,1.);
#3921 = DIRECTION('',(-0.,-0.,-1.));
#3922 = ORIENTED_EDGE('',*,*,#3140,.F.);
#3923 = PLANE('',#3924);
#3924 = AXIS2_PLACEMENT_3D('',#3925,#3926,#3927);
#3925 = CARTESIAN_POINT('',(-29.18,-44.935,4.));
#3926 = DIRECTION('',(0.,-1.,0.));
#3927 = DIRECTION('',(1.,0.,0.));
#3928 = ADVANCED_FACE('',(#3929),#3940,.F.);
#3929 = FACE_BOUND('',#3930,.F.);
#3930 = EDGE_LOOP('',(#3931,#3932,#3933,#3939));
#3931 = ORIENTED_EDGE('',*,*,#3917,.T.);
#3932 = ORIENTED_EDGE('',*,*,#3451,.T.);
#3933 = ORIENTED_EDGE('',*,*,#3934,.F.);
#3934 = EDGE_CURVE('',#3125,#3452,#3935,.T.);
#3935 = LINE('',#3936,#3937);
#3936 = CARTESIAN_POINT('',(12.35,-42.435,4.));
#3937 = VECTOR('',#3938,1.);
#3938 = DIRECTION('',(-0.,-0.,-1.));
#3939 = ORIENTED_EDGE('',*,*,#3132,.F.);
#3940 = PLANE('',#3941);
#3941 = AXIS2_PLACEMENT_3D('',#3942,#3943,#3944);
#3942 = CARTESIAN_POINT('',(12.35,-44.935,4.));
#3943 = DIRECTION('',(1.,0.,0.));
#3944 = DIRECTION('',(0.,1.,0.));
#3945 = ADVANCED_FACE('',(#3946),#3957,.F.);
#3946 = FACE_BOUND('',#3947,.F.);
#3947 = EDGE_LOOP('',(#3948,#3949,#3950,#3956));
#3948 = ORIENTED_EDGE('',*,*,#3934,.T.);
#3949 = ORIENTED_EDGE('',*,*,#3459,.T.);
#3950 = ORIENTED_EDGE('',*,*,#3951,.F.);
#3951 = EDGE_CURVE('',#3117,#3460,#3952,.T.);
#3952 = LINE('',#3953,#3954);
#3953 = CARTESIAN_POINT('',(8.69,-42.435,4.));
#3954 = VECTOR('',#3955,1.);
#3955 = DIRECTION('',(-0.,-0.,-1.));
#3956 = ORIENTED_EDGE('',*,*,#3124,.F.);
#3957 = PLANE('',#3958);
#3958 = AXIS2_PLACEMENT_3D('',#3959,#3960,#3961);
#3959 = CARTESIAN_POINT('',(12.35,-42.435,4.));
#3960 = DIRECTION('',(0.,1.,0.));
#3961 = DIRECTION('',(-1.,0.,0.));
#3962 = ADVANCED_FACE('',(#3963),#3969,.F.);
#3963 = FACE_BOUND('',#3964,.F.);
#3964 = EDGE_LOOP('',(#3965,#3966,#3967,#3968));
#3965 = ORIENTED_EDGE('',*,*,#3116,.F.);
#3966 = ORIENTED_EDGE('',*,*,#3951,.T.);
#3967 = ORIENTED_EDGE('',*,*,#3467,.T.);
#3968 = ORIENTED_EDGE('',*,*,#3778,.T.);
#3969 = PLANE('',#3970);
#3970 = AXIS2_PLACEMENT_3D('',#3971,#3972,#3973);
#3971 = CARTESIAN_POINT('',(8.69,-42.435,4.));
#3972 = DIRECTION('',(1.,0.,0.));
#3973 = DIRECTION('',(0.,1.,0.));
#3974 = ADVANCED_FACE('',(#3975),#3986,.F.);
#3975 = FACE_BOUND('',#3976,.F.);
#3976 = EDGE_LOOP('',(#3977,#3978,#3979,#3980));
#3977 = ORIENTED_EDGE('',*,*,#3084,.F.);
#3978 = ORIENTED_EDGE('',*,*,#3754,.T.);
#3979 = ORIENTED_EDGE('',*,*,#3499,.T.);
#3980 = ORIENTED_EDGE('',*,*,#3981,.F.);
#3981 = EDGE_CURVE('',#3077,#3500,#3982,.T.);
#3982 = LINE('',#3983,#3984);
#3983 = CARTESIAN_POINT('',(8.69,-23.965,4.));
#3984 = VECTOR('',#3985,1.);
#3985 = DIRECTION('',(-0.,-0.,-1.));
#3986 = PLANE('',#3987);
#3987 = AXIS2_PLACEMENT_3D('',#3988,#3989,#3990);
#3988 = CARTESIAN_POINT('',(8.69,-42.435,4.));
#3989 = DIRECTION('',(1.,0.,0.));
#3990 = DIRECTION('',(0.,1.,0.));
#3991 = ADVANCED_FACE('',(#3992),#4003,.F.);
#3992 = FACE_BOUND('',#3993,.F.);
#3993 = EDGE_LOOP('',(#3994,#3995,#3996,#4002));
#3994 = ORIENTED_EDGE('',*,*,#3981,.T.);
#3995 = ORIENTED_EDGE('',*,*,#3507,.T.);
#3996 = ORIENTED_EDGE('',*,*,#3997,.F.);
#3997 = EDGE_CURVE('',#3069,#3393,#3998,.T.);
#3998 = LINE('',#3999,#4000);
#3999 = CARTESIAN_POINT('',(12.35,-23.965,4.));
#4000 = VECTOR('',#4001,1.);
#4001 = DIRECTION('',(-0.,-0.,-1.));
#4002 = ORIENTED_EDGE('',*,*,#3076,.F.);
#4003 = PLANE('',#4004);
#4004 = AXIS2_PLACEMENT_3D('',#4005,#4006,#4007);
#4005 = CARTESIAN_POINT('',(8.69,-23.965,4.));
#4006 = DIRECTION('',(0.,-1.,0.));
#4007 = DIRECTION('',(1.,0.,0.));
#4008 = ADVANCED_FACE('',(#4009),#4020,.F.);
#4009 = FACE_BOUND('',#4010,.F.);
#4010 = EDGE_LOOP('',(#4011,#4012,#4013,#4019));
#4011 = ORIENTED_EDGE('',*,*,#3997,.T.);
#4012 = ORIENTED_EDGE('',*,*,#3392,.T.);
#4013 = ORIENTED_EDGE('',*,*,#4014,.F.);
#4014 = EDGE_CURVE('',#3061,#3395,#4015,.T.);
#4015 = LINE('',#4016,#4017);
#4016 = CARTESIAN_POINT('',(12.35,-21.465,4.));
#4017 = VECTOR('',#4018,1.);
#4018 = DIRECTION('',(-0.,-0.,-1.));
#4019 = ORIENTED_EDGE('',*,*,#3068,.F.);
#4020 = PLANE('',#4021);
#4021 = AXIS2_PLACEMENT_3D('',#4022,#4023,#4024);
#4022 = CARTESIAN_POINT('',(12.35,-23.965,4.));
#4023 = DIRECTION('',(1.,0.,0.));
#4024 = DIRECTION('',(0.,1.,0.));
#4025 = ADVANCED_FACE('',(#4026),#4032,.F.);
#4026 = FACE_BOUND('',#4027,.F.);
#4027 = EDGE_LOOP('',(#4028,#4029,#4030,#4031));
#4028 = ORIENTED_EDGE('',*,*,#4014,.T.);
#4029 = ORIENTED_EDGE('',*,*,#3402,.T.);
#4030 = ORIENTED_EDGE('',*,*,#3555,.F.);
#4031 = ORIENTED_EDGE('',*,*,#3060,.F.);
#4032 = PLANE('',#4033);
#4033 = AXIS2_PLACEMENT_3D('',#4034,#4035,#4036);
#4034 = CARTESIAN_POINT('',(12.35,-21.465,4.));
#4035 = DIRECTION('',(0.,1.,0.));
#4036 = DIRECTION('',(-1.,0.,0.));
#4037 = ADVANCED_FACE('',(#4038),#4049,.T.);
#4038 = FACE_BOUND('',#4039,.T.);
#4039 = EDGE_LOOP('',(#4040,#4046,#4047,#4048));
#4040 = ORIENTED_EDGE('',*,*,#4041,.T.);
#4041 = EDGE_CURVE('',#3030,#3335,#4042,.T.);
#4042 = LINE('',#4043,#4044);
#4043 = CARTESIAN_POINT('',(-29.18,-23.585,4.));
#4044 = VECTOR('',#4045,1.);
#4045 = DIRECTION('',(-0.,-0.,-1.));
#4046 = ORIENTED_EDGE('',*,*,#3358,.T.);
#4047 = ORIENTED_EDGE('',*,*,#3539,.F.);
#4048 = ORIENTED_EDGE('',*,*,#3037,.F.);
#4049 = PLANE('',#4050);
#4050 = AXIS2_PLACEMENT_3D('',#4051,#4052,#4053);
#4051 = CARTESIAN_POINT('',(-29.18,-23.585,4.));
#4052 = DIRECTION('',(0.,-1.,0.));
#4053 = DIRECTION('',(1.,0.,0.));
#4054 = ADVANCED_FACE('',(#4055),#4061,.T.);
#4055 = FACE_BOUND('',#4056,.T.);
#4056 = EDGE_LOOP('',(#4057,#4058,#4059,#4060));
#4057 = ORIENTED_EDGE('',*,*,#3378,.T.);
#4058 = ORIENTED_EDGE('',*,*,#3332,.T.);
#4059 = ORIENTED_EDGE('',*,*,#4041,.F.);
#4060 = ORIENTED_EDGE('',*,*,#3029,.F.);
#4061 = PLANE('',#4062);
#4062 = AXIS2_PLACEMENT_3D('',#4063,#4064,#4065);
#4063 = CARTESIAN_POINT('',(-29.18,-28.585,4.));
#4064 = DIRECTION('',(1.,0.,0.));
#4065 = DIRECTION('',(0.,1.,0.));
#4066 = ADVANCED_FACE('',(#4067),#4086,.F.);
#4067 = FACE_BOUND('',#4068,.F.);
#4068 = EDGE_LOOP('',(#4069,#4077,#4084,#4085));
#4069 = ORIENTED_EDGE('',*,*,#4070,.T.);
#4070 = EDGE_CURVE('',#3188,#4071,#4073,.T.);
#4071 = VERTEX_POINT('',#4072);
#4072 = CARTESIAN_POINT('',(15.61,-23.545,0.5));
#4073 = LINE('',#4074,#4075);
#4074 = CARTESIAN_POINT('',(15.61,-23.545,4.));
#4075 = VECTOR('',#4076,1.);
#4076 = DIRECTION('',(-0.,-0.,-1.));
#4077 = ORIENTED_EDGE('',*,*,#4078,.T.);
#4078 = EDGE_CURVE('',#4071,#4071,#4079,.T.);
#4079 = CIRCLE('',#4080,1.35);
#4080 = AXIS2_PLACEMENT_3D('',#4081,#4082,#4083);
#4081 = CARTESIAN_POINT('',(14.26,-23.545,0.5));
#4082 = DIRECTION('',(0.,0.,1.));
#4083 = DIRECTION('',(1.,0.,0.));
#4084 = ORIENTED_EDGE('',*,*,#4070,.F.);
#4085 = ORIENTED_EDGE('',*,*,#3187,.F.);
#4086 = CYLINDRICAL_SURFACE('',#4087,1.35);
#4087 = AXIS2_PLACEMENT_3D('',#4088,#4089,#4090);
#4088 = CARTESIAN_POINT('',(14.26,-23.545,4.));
#4089 = DIRECTION('',(0.,0.,1.));
#4090 = DIRECTION('',(1.,0.,0.));
#4091 = ADVANCED_FACE('',(#4092),#4098,.T.);
#4092 = FACE_BOUND('',#4093,.T.);
#4093 = EDGE_LOOP('',(#4094,#4095,#4096,#4097));
#4094 = ORIENTED_EDGE('',*,*,#3427,.T.);
#4095 = ORIENTED_EDGE('',*,*,#3524,.T.);
#4096 = ORIENTED_EDGE('',*,*,#3304,.T.);
#4097 = ORIENTED_EDGE('',*,*,#3899,.F.);
#4098 = PLANE('',#4099);
#4099 = AXIS2_PLACEMENT_3D('',#4100,#4101,#4102);
#4100 = CARTESIAN_POINT('',(-23.67999999999,-42.555,4.));
#4101 = DIRECTION('',(0.,1.,0.));
#4102 = DIRECTION('',(-1.,0.,0.));
#4103 = ADVANCED_FACE('',(#4104),#4123,.F.);
#4104 = FACE_BOUND('',#4105,.F.);
#4105 = EDGE_LOOP('',(#4106,#4114,#4121,#4122));
#4106 = ORIENTED_EDGE('',*,*,#4107,.T.);
#4107 = EDGE_CURVE('',#3591,#4108,#4110,.T.);
#4108 = VERTEX_POINT('',#4109);
#4109 = CARTESIAN_POINT('',(37.7465076,-23.78729906298,2.5));
#4110 = LINE('',#4111,#4112);
#4111 = CARTESIAN_POINT('',(37.7465076,-23.78729906298,6.));
#4112 = VECTOR('',#4113,1.);
#4113 = DIRECTION('',(-0.,-0.,-1.));
#4114 = ORIENTED_EDGE('',*,*,#4115,.T.);
#4115 = EDGE_CURVE('',#4108,#4108,#4116,.T.);
#4116 = CIRCLE('',#4117,1.5);
#4117 = AXIS2_PLACEMENT_3D('',#4118,#4119,#4120);
#4118 = CARTESIAN_POINT('',(36.2465076,-23.78729906298,2.5));
#4119 = DIRECTION('',(0.,0.,1.));
#4120 = DIRECTION('',(1.,0.,0.));
#4121 = ORIENTED_EDGE('',*,*,#4107,.F.);
#4122 = ORIENTED_EDGE('',*,*,#3590,.F.);
#4123 = CYLINDRICAL_SURFACE('',#4124,1.5);
#4124 = AXIS2_PLACEMENT_3D('',#4125,#4126,#4127);
#4125 = CARTESIAN_POINT('',(36.2465076,-23.78729906298,6.));
#4126 = DIRECTION('',(0.,0.,1.));
#4127 = DIRECTION('',(1.,0.,0.));
#4128 = ADVANCED_FACE('',(#4129),#4148,.F.);
#4129 = FACE_BOUND('',#4130,.F.);
#4130 = EDGE_LOOP('',(#4131,#4139,#4146,#4147));
#4131 = ORIENTED_EDGE('',*,*,#4132,.T.);
#4132 = EDGE_CURVE('',#3614,#4133,#4135,.T.);
#4133 = VERTEX_POINT('',#4134);
#4134 = CARTESIAN_POINT('',(37.7465076,-8.787299062989,2.5));
#4135 = LINE('',#4136,#4137);
#4136 = CARTESIAN_POINT('',(37.7465076,-8.787299062989,6.));
#4137 = VECTOR('',#4138,1.);
#4138 = DIRECTION('',(-0.,-0.,-1.));
#4139 = ORIENTED_EDGE('',*,*,#4140,.T.);
#4140 = EDGE_CURVE('',#4133,#4133,#4141,.T.);
#4141 = CIRCLE('',#4142,1.5);
#4142 = AXIS2_PLACEMENT_3D('',#4143,#4144,#4145);
#4143 = CARTESIAN_POINT('',(36.2465076,-8.787299062989,2.5));
#4144 = DIRECTION('',(0.,0.,1.));
#4145 = DIRECTION('',(1.,0.,0.));
#4146 = ORIENTED_EDGE('',*,*,#4132,.F.);
#4147 = ORIENTED_EDGE('',*,*,#3613,.F.);
#4148 = CYLINDRICAL_SURFACE('',#4149,1.5);
#4149 = AXIS2_PLACEMENT_3D('',#4150,#4151,#4152);
#4150 = CARTESIAN_POINT('',(36.2465076,-8.787299062989,6.));
#4151 = DIRECTION('',(0.,0.,1.));
#4152 = DIRECTION('',(1.,0.,0.));
#4153 = ADVANCED_FACE('',(#4154),#4173,.F.);
#4154 = FACE_BOUND('',#4155,.F.);
#4155 = EDGE_LOOP('',(#4156,#4164,#4171,#4172));
#4156 = ORIENTED_EDGE('',*,*,#4157,.T.);
#4157 = EDGE_CURVE('',#3637,#4158,#4160,.T.);
#4158 = VERTEX_POINT('',#4159);
#4159 = CARTESIAN_POINT('',(-43.09999672,0.7499992,1.));
#4160 = LINE('',#4161,#4162);
#4161 = CARTESIAN_POINT('',(-43.09999672,0.7499992,5.));
#4162 = VECTOR('',#4163,1.);
#4163 = DIRECTION('',(-0.,-0.,-1.));
#4164 = ORIENTED_EDGE('',*,*,#4165,.T.);
#4165 = EDGE_CURVE('',#4158,#4158,#4166,.T.);
#4166 = CIRCLE('',#4167,1.9);
#4167 = AXIS2_PLACEMENT_3D('',#4168,#4169,#4170);
#4168 = CARTESIAN_POINT('',(-44.99999672,0.7499992,1.));
#4169 = DIRECTION('',(0.,0.,1.));
#4170 = DIRECTION('',(1.,0.,0.));
#4171 = ORIENTED_EDGE('',*,*,#4157,.F.);
#4172 = ORIENTED_EDGE('',*,*,#3636,.F.);
#4173 = CYLINDRICAL_SURFACE('',#4174,1.9);
#4174 = AXIS2_PLACEMENT_3D('',#4175,#4176,#4177);
#4175 = CARTESIAN_POINT('',(-44.99999672,0.7499992,5.));
#4176 = DIRECTION('',(0.,0.,1.));
#4177 = DIRECTION('',(1.,0.,0.));
#4178 = ADVANCED_FACE('',(#4179),#4198,.F.);
#4179 = FACE_BOUND('',#4180,.F.);
#4180 = EDGE_LOOP('',(#4181,#4189,#4196,#4197));
#4181 = ORIENTED_EDGE('',*,*,#4182,.T.);
#4182 = EDGE_CURVE('',#3660,#4183,#4185,.T.);
#4183 = VERTEX_POINT('',#4184);
#4184 = CARTESIAN_POINT('',(-43.09999672,42.74999902,1.));
#4185 = LINE('',#4186,#4187);
#4186 = CARTESIAN_POINT('',(-43.09999672,42.74999902,5.));
#4187 = VECTOR('',#4188,1.);
#4188 = DIRECTION('',(-0.,-0.,-1.));
#4189 = ORIENTED_EDGE('',*,*,#4190,.T.);
#4190 = EDGE_CURVE('',#4183,#4183,#4191,.T.);
#4191 = CIRCLE('',#4192,1.9);
#4192 = AXIS2_PLACEMENT_3D('',#4193,#4194,#4195);
#4193 = CARTESIAN_POINT('',(-44.99999672,42.74999902,1.));
#4194 = DIRECTION('',(0.,0.,1.));
#4195 = DIRECTION('',(1.,0.,0.));
#4196 = ORIENTED_EDGE('',*,*,#4182,.F.);
#4197 = ORIENTED_EDGE('',*,*,#3659,.F.);
#4198 = CYLINDRICAL_SURFACE('',#4199,1.9);
#4199 = AXIS2_PLACEMENT_3D('',#4200,#4201,#4202);
#4200 = CARTESIAN_POINT('',(-44.99999672,42.74999902,5.));
#4201 = DIRECTION('',(0.,0.,1.));
#4202 = DIRECTION('',(1.,0.,0.));
#4203 = ADVANCED_FACE('',(#4204),#4223,.F.);
#4204 = FACE_BOUND('',#4205,.F.);
#4205 = EDGE_LOOP('',(#4206,#4214,#4221,#4222));
#4206 = ORIENTED_EDGE('',*,*,#4207,.T.);
#4207 = EDGE_CURVE('',#3683,#4208,#4210,.T.);
#4208 = VERTEX_POINT('',#4209);
#4209 = CARTESIAN_POINT('',(34.89999714,0.7499992,1.));
#4210 = LINE('',#4211,#4212);
#4211 = CARTESIAN_POINT('',(34.89999714,0.7499992,5.));
#4212 = VECTOR('',#4213,1.);
#4213 = DIRECTION('',(-0.,-0.,-1.));
#4214 = ORIENTED_EDGE('',*,*,#4215,.T.);
#4215 = EDGE_CURVE('',#4208,#4208,#4216,.T.);
#4216 = CIRCLE('',#4217,1.9);
#4217 = AXIS2_PLACEMENT_3D('',#4218,#4219,#4220);
#4218 = CARTESIAN_POINT('',(32.99999714,0.7499992,1.));
#4219 = DIRECTION('',(0.,0.,1.));
#4220 = DIRECTION('',(1.,0.,0.));
#4221 = ORIENTED_EDGE('',*,*,#4207,.F.);
#4222 = ORIENTED_EDGE('',*,*,#3682,.F.);
#4223 = CYLINDRICAL_SURFACE('',#4224,1.9);
#4224 = AXIS2_PLACEMENT_3D('',#4225,#4226,#4227);
#4225 = CARTESIAN_POINT('',(32.99999714,0.7499992,5.));
#4226 = DIRECTION('',(0.,0.,1.));
#4227 = DIRECTION('',(1.,0.,0.));
#4228 = ADVANCED_FACE('',(#4229),#4248,.F.);
#4229 = FACE_BOUND('',#4230,.F.);
#4230 = EDGE_LOOP('',(#4231,#4239,#4246,#4247));
#4231 = ORIENTED_EDGE('',*,*,#4232,.T.);
#4232 = EDGE_CURVE('',#3706,#4233,#4235,.T.);
#4233 = VERTEX_POINT('',#4234);
#4234 = CARTESIAN_POINT('',(34.89999714,42.74999902,1.));
#4235 = LINE('',#4236,#4237);
#4236 = CARTESIAN_POINT('',(34.89999714,42.74999902,5.));
#4237 = VECTOR('',#4238,1.);
#4238 = DIRECTION('',(-0.,-0.,-1.));
#4239 = ORIENTED_EDGE('',*,*,#4240,.T.);
#4240 = EDGE_CURVE('',#4233,#4233,#4241,.T.);
#4241 = CIRCLE('',#4242,1.9);
#4242 = AXIS2_PLACEMENT_3D('',#4243,#4244,#4245);
#4243 = CARTESIAN_POINT('',(32.99999714,42.74999902,1.));
#4244 = DIRECTION('',(0.,0.,1.));
#4245 = DIRECTION('',(1.,0.,0.));
#4246 = ORIENTED_EDGE('',*,*,#4232,.F.);
#4247 = ORIENTED_EDGE('',*,*,#3705,.F.);
#4248 = CYLINDRICAL_SURFACE('',#4249,1.9);
#4249 = AXIS2_PLACEMENT_3D('',#4250,#4251,#4252);
#4250 = CARTESIAN_POINT('',(32.99999714,42.74999902,5.));
#4251 = DIRECTION('',(0.,0.,1.));
#4252 = DIRECTION('',(1.,0.,0.));
#4253 = ADVANCED_FACE('',(#4254),#4257,.T.);
#4254 = FACE_BOUND('',#4255,.T.);
#4255 = EDGE_LOOP('',(#4256));
#4256 = ORIENTED_EDGE('',*,*,#3812,.T.);
#4257 = PLANE('',#4258);
#4258 = AXIS2_PLACEMENT_3D('',#4259,#4260,#4261);
#4259 = CARTESIAN_POINT('',(-9.803157894737,-33.08492105263,0.5));
#4260 = DIRECTION('',(0.,0.,1.));
#4261 = DIRECTION('',(1.,0.,0.));
#4262 = ADVANCED_FACE('',(#4263),#4266,.T.);
#4263 = FACE_BOUND('',#4264,.T.);
#4264 = EDGE_LOOP('',(#4265));
#4265 = ORIENTED_EDGE('',*,*,#3837,.T.);
#4266 = PLANE('',#4267);
#4267 = AXIS2_PLACEMENT_3D('',#4268,#4269,#4270);
#4268 = CARTESIAN_POINT('',(-9.803157894737,-33.08492105263,0.5));
#4269 = DIRECTION('',(0.,0.,1.));
#4270 = DIRECTION('',(1.,0.,0.));
#4271 = ADVANCED_FACE('',(#4272),#4275,.T.);
#4272 = FACE_BOUND('',#4273,.T.);
#4273 = EDGE_LOOP('',(#4274));
#4274 = ORIENTED_EDGE('',*,*,#3862,.T.);
#4275 = PLANE('',#4276);
#4276 = AXIS2_PLACEMENT_3D('',#4277,#4278,#4279);
#4277 = CARTESIAN_POINT('',(-9.803157894737,-33.08492105263,0.5));
#4278 = DIRECTION('',(0.,0.,1.));
#4279 = DIRECTION('',(1.,0.,0.));
#4280 = ADVANCED_FACE('',(#4281),#4284,.T.);
#4281 = FACE_BOUND('',#4282,.T.);
#4282 = EDGE_LOOP('',(#4283));
#4283 = ORIENTED_EDGE('',*,*,#4078,.T.);
#4284 = PLANE('',#4285);
#4285 = AXIS2_PLACEMENT_3D('',#4286,#4287,#4288);
#4286 = CARTESIAN_POINT('',(-9.803157894737,-33.08492105263,0.5));
#4287 = DIRECTION('',(0.,0.,1.));
#4288 = DIRECTION('',(1.,0.,0.));
#4289 = ADVANCED_FACE('',(#4290),#4293,.T.);
#4290 = FACE_BOUND('',#4291,.T.);
#4291 = EDGE_LOOP('',(#4292));
#4292 = ORIENTED_EDGE('',*,*,#4115,.T.);
#4293 = PLANE('',#4294);
#4294 = AXIS2_PLACEMENT_3D('',#4295,#4296,#4297);
#4295 = CARTESIAN_POINT('',(36.2465076,-16.28729906298,2.5));
#4296 = DIRECTION('',(0.,0.,1.));
#4297 = DIRECTION('',(1.,0.,0.));
#4298 = ADVANCED_FACE('',(#4299),#4302,.T.);
#4299 = FACE_BOUND('',#4300,.T.);
#4300 = EDGE_LOOP('',(#4301));
#4301 = ORIENTED_EDGE('',*,*,#4140,.T.);
#4302 = PLANE('',#4303);
#4303 = AXIS2_PLACEMENT_3D('',#4304,#4305,#4306);
#4304 = CARTESIAN_POINT('',(36.2465076,-16.28729906298,2.5));
#4305 = DIRECTION('',(0.,0.,1.));
#4306 = DIRECTION('',(1.,0.,0.));
#4307 = ADVANCED_FACE('',(#4308),#4311,.T.);
#4308 = FACE_BOUND('',#4309,.T.);
#4309 = EDGE_LOOP('',(#4310));
#4310 = ORIENTED_EDGE('',*,*,#4165,.T.);
#4311 = PLANE('',#4312);
#4312 = AXIS2_PLACEMENT_3D('',#4313,#4314,#4315);
#4313 = CARTESIAN_POINT('',(-5.99999979,21.74999911,1.));
#4314 = DIRECTION('',(0.,0.,1.));
#4315 = DIRECTION('',(1.,0.,0.));
#4316 = ADVANCED_FACE('',(#4317),#4320,.T.);
#4317 = FACE_BOUND('',#4318,.T.);
#4318 = EDGE_LOOP('',(#4319));
#4319 = ORIENTED_EDGE('',*,*,#4190,.T.);
#4320 = PLANE('',#4321);
#4321 = AXIS2_PLACEMENT_3D('',#4322,#4323,#4324);
#4322 = CARTESIAN_POINT('',(-5.99999979,21.74999911,1.));
#4323 = DIRECTION('',(0.,0.,1.));
#4324 = DIRECTION('',(1.,0.,0.));
#4325 = ADVANCED_FACE('',(#4326),#4329,.T.);
#4326 = FACE_BOUND('',#4327,.T.);
#4327 = EDGE_LOOP('',(#4328));
#4328 = ORIENTED_EDGE('',*,*,#4215,.T.);
#4329 = PLANE('',#4330);
#4330 = AXIS2_PLACEMENT_3D('',#4331,#4332,#4333);
#4331 = CARTESIAN_POINT('',(-5.99999979,21.74999911,1.));
#4332 = DIRECTION('',(0.,0.,1.));
#4333 = DIRECTION('',(1.,0.,0.));
#4334 = ADVANCED_FACE('',(#4335),#4338,.T.);
#4335 = FACE_BOUND('',#4336,.T.);
#4336 = EDGE_LOOP('',(#4337));
#4337 = ORIENTED_EDGE('',*,*,#4240,.T.);
#4338 = PLANE('',#4339);
#4339 = AXIS2_PLACEMENT_3D('',#4340,#4341,#4342);
#4340 = CARTESIAN_POINT('',(-5.99999979,21.74999911,1.));
#4341 = DIRECTION('',(0.,0.,1.));
#4342 = DIRECTION('',(1.,0.,0.));
#4343 = ( GEOMETRIC_REPRESENTATION_CONTEXT(3) 
GLOBAL_UNCERTAINTY_ASSIGNED_CONTEXT((#4347)) 
GLOBAL_UNIT_ASSIGNED_CONTEXT((#4344,#4345,#4346)) REPRESENTATION_CONTEXT
('Context #1','3D Context with UNIT and UNCERTAINTY') );
#4344 = ( LENGTH_UNIT() NAMED_UNIT(*) SI_UNIT(.MILLI.,.METRE.) );
#4345 = ( NAMED_UNIT(*) PLANE_ANGLE_UNIT() SI_UNIT($,.RADIAN.) );
#4346 = ( NAMED_UNIT(*) SI_UNIT($,.STERADIAN.) SOLID_ANGLE_UNIT() );
#4347 = UNCERTAINTY_MEASURE_WITH_UNIT(LENGTH_MEASURE(2.E-05),#4344,
  'distance_accuracy_value','confusion accuracy');
#4348 = PRODUCT_RELATED_PRODUCT_CATEGORY('part',$,(#7));
#4349 = MECHANICAL_DESIGN_GEOMETRIC_PRESENTATION_REPRESENTATION('',(
    #4350),#4343);
#4350 = STYLED_ITEM('color',(#4351),#15);
#4351 = PRESENTATION_STYLE_ASSIGNMENT((#4352,#4358));
#4352 = SURFACE_STYLE_USAGE(.BOTH.,#4353);
#4353 = SURFACE_SIDE_STYLE('',(#4354));
#4354 = SURFACE_STYLE_FILL_AREA(#4355);
#4355 = FILL_AREA_STYLE('',(#4356));
#4356 = FILL_AREA_STYLE_COLOUR('',#4357);
#4357 = COLOUR_RGB('',0.800000010877,0.800000010877,0.901960800373);
#4358 = CURVE_STYLE('',#4359,POSITIVE_LENGTH_MEASURE(0.1),#4360);
#4359 = DRAUGHTING_PRE_DEFINED_CURVE_FONT('continuous');
#4360 = COLOUR_RGB('',9.803921802644E-02,9.803921802644E-02,
  9.803921802644E-02);
ENDSEC;
END-ISO-10303-21;
